scenario_id,paper_display_name,hazard_family,weather,time_of_day,frame_id,temporal_order,dataset_path,sha256,width,height,visual_verification_status
ambulance_stuck_at_railroad_crossing,Ambulance stuck at crossing,traffic_control,Clear,Night,front_frame_00000040,1,evaluation_20260909/ambulance_stuck_at_railroad_crossing/night__clear/front_frame_00000040.png,ba7e67467a00af29e33844293dcea108e9c63f79ff66820d7e37475abbc724eb,1280,720,human_verified
ambulance_stuck_at_railroad_crossing,Ambulance stuck at crossing,traffic_control,Clear,Night,front_frame_00000120,2,evaluation_20260909/ambulance_stuck_at_railroad_crossing/night__clear/front_frame_00000120.png,f79448b4d33ed91dc74543dd22711165061eaed344bcd80a01ce020fdc1201ce,1280,720,human_verified
ambulance_stuck_at_railroad_crossing,Ambulance stuck at crossing,traffic_control,Clear,Night,front_frame_00000200,3,evaluation_20260909/ambulance_stuck_at_railroad_crossing/night__clear/front_frame_00000200.png,3521d8a3d96d795dd25501dac0e9700245817ce2da0f129e8a5856459f2a1c3d,1280,720,human_verified
ambulance_stuck_at_railroad_crossing,Ambulance stuck at crossing,traffic_control,Clear,Night,front_frame_00000280,4,evaluation_20260909/ambulance_stuck_at_railroad_crossing/night__clear/front_frame_00000280.png,b34cbe10a2de7b9cefb0ac028faa6ee92d39eb085820824e7b224c2bc9a09309,1280,720,human_verified
ambulance_stuck_at_railroad_crossing,Ambulance stuck at crossing,traffic_control,Clear,Night,front_frame_00000360,5,evaluation_20260909/ambulance_stuck_at_railroad_crossing/night__clear/front_frame_00000360.png,48dfe3465e7b55e4a6ef581e6a4220700818cd28a75c8aefb47625cf15b3bae1,1280,720,human_verified
ambulance_stuck_at_railroad_crossing,Ambulance stuck at crossing,traffic_control,Foggy,Night,front_frame_00000040,1,evaluation_20260909/ambulance_stuck_at_railroad_crossing/night__foggy/front_frame_00000040.png,3da7c8d4bd6b9bf80afeef5391cdcc172850679ac0e93df1b486461c64c74d7e,1280,720,human_verified
ambulance_stuck_at_railroad_crossing,Ambulance stuck at crossing,traffic_control,Foggy,Night,front_frame_00000120,2,evaluation_20260909/ambulance_stuck_at_railroad_crossing/night__foggy/front_frame_00000120.png,7de97d8f0f830ea378d17cebc85e2c6cc31f9e8e37850093028e272f88b050af,1280,720,human_verified
ambulance_stuck_at_railroad_crossing,Ambulance stuck at crossing,traffic_control,Foggy,Night,front_frame_00000200,3,evaluation_20260909/ambulance_stuck_at_railroad_crossing/night__foggy/front_frame_00000200.png,9570ca30c4bedf613a13621e84895ec1fcd3f626f6a7ae7e4ae7d496aa781e3f,1280,720,human_verified
ambulance_stuck_at_railroad_crossing,Ambulance stuck at crossing,traffic_control,Foggy,Night,front_frame_00000280,4,evaluation_20260909/ambulance_stuck_at_railroad_crossing/night__foggy/front_frame_00000280.png,07b71e10445ee15103e6511b9a1a67a2ed7349f466e238c469a1776e5fed2436,1280,720,human_verified
ambulance_stuck_at_railroad_crossing,Ambulance stuck at crossing,traffic_control,Foggy,Night,front_frame_00000360,5,evaluation_20260909/ambulance_stuck_at_railroad_crossing/night__foggy/front_frame_00000360.png,8253713e24fab65ef616a7760fa05b3d11a942a1e629dc4b8d67e8be3eb2764f,1280,720,human_verified
ambulance_stuck_at_railroad_crossing,Ambulance stuck at crossing,traffic_control,Heavy Rainy,Night,front_frame_00000040,1,evaluation_20260909/ambulance_stuck_at_railroad_crossing/night__storm/front_frame_00000040.png,4f3087185b50fe6f29c6c0df868d6bdb9052e83d86932ca07bed4abcb14e54a8,1280,720,human_verified
ambulance_stuck_at_railroad_crossing,Ambulance stuck at crossing,traffic_control,Heavy Rainy,Night,front_frame_00000120,2,evaluation_20260909/ambulance_stuck_at_railroad_crossing/night__storm/front_frame_00000120.png,4e1b8a4d016ce34f9f9f3003cc089d7286eec4d7f3b1ccb0b12c8a3b5aa2244e,1280,720,human_verified
ambulance_stuck_at_railroad_crossing,Ambulance stuck at crossing,traffic_control,Heavy Rainy,Night,front_frame_00000200,3,evaluation_20260909/ambulance_stuck_at_railroad_crossing/night__storm/front_frame_00000200.png,8cb5faf1cbad039fe64e01c7bbc1e02d4c8f1e6fea8bbf74e9c19da4075a7a58,1280,720,human_verified
ambulance_stuck_at_railroad_crossing,Ambulance stuck at crossing,traffic_control,Heavy Rainy,Night,front_frame_00000280,4,evaluation_20260909/ambulance_stuck_at_railroad_crossing/night__storm/front_frame_00000280.png,c8042dd45824a570e34333a8cdb2e71a86d8cbc62c6c9dd8454d47e7cdb3206e,1280,720,human_verified
ambulance_stuck_at_railroad_crossing,Ambulance stuck at crossing,traffic_control,Heavy Rainy,Night,front_frame_00000360,5,evaluation_20260909/ambulance_stuck_at_railroad_crossing/night__storm/front_frame_00000360.png,c3c1365d2edc8d4141d465f799601b991128db252c24798e21f05248b7e9cc60,1280,720,human_verified
ambulance_stuck_at_railroad_crossing,Ambulance stuck at crossing,traffic_control,Stormy,Night,front_frame_00000040,1,evaluation_20260909/ambulance_stuck_at_railroad_crossing/night__worst/front_frame_00000040.png,4ce38078b135069137234e42707e46c55ca6e940fa36aee0436564e21b48f305,1280,720,human_verified
ambulance_stuck_at_railroad_crossing,Ambulance stuck at crossing,traffic_control,Stormy,Night,front_frame_00000120,2,evaluation_20260909/ambulance_stuck_at_railroad_crossing/night__worst/front_frame_00000120.png,623ba171265d2f5ada9a6e3fbe9754d1ac350b2c467d4e3f153eb343a19226fc,1280,720,human_verified
ambulance_stuck_at_railroad_crossing,Ambulance stuck at crossing,traffic_control,Stormy,Night,front_frame_00000200,3,evaluation_20260909/ambulance_stuck_at_railroad_crossing/night__worst/front_frame_00000200.png,53060bd4eae8ad4e362c274ea84ab83054022b3fba4cc0e95bc48762adf2cea2,1280,720,human_verified
ambulance_stuck_at_railroad_crossing,Ambulance stuck at crossing,traffic_control,Stormy,Night,front_frame_00000280,4,evaluation_20260909/ambulance_stuck_at_railroad_crossing/night__worst/front_frame_00000280.png,e34a67714bffd07c9bcf279a9ebaeacaba6c5fa5512a6487f3d8fdafbe532b0d,1280,720,human_verified
ambulance_stuck_at_railroad_crossing,Ambulance stuck at crossing,traffic_control,Stormy,Night,front_frame_00000360,5,evaluation_20260909/ambulance_stuck_at_railroad_crossing/night__worst/front_frame_00000360.png,0448dfa2177922ebd83db4a809464aa8f08f383c9b7c616dd5d087a657602a92,1280,720,human_verified
ambulance_stuck_at_railroad_crossing,Ambulance stuck at crossing,traffic_control,Clear,Noon,front_frame_00000040,1,evaluation_20260909/ambulance_stuck_at_railroad_crossing/noon__clear/front_frame_00000040.png,19c082945bc2530a30b3c058944acc847820f63a0a3e5289bf5d0d0f04799829,1280,720,human_verified
ambulance_stuck_at_railroad_crossing,Ambulance stuck at crossing,traffic_control,Clear,Noon,front_frame_00000120,2,evaluation_20260909/ambulance_stuck_at_railroad_crossing/noon__clear/front_frame_00000120.png,63ddeefaf6042c973fac5949799cdc82f572131a23e3c479cd115bfc21c31cf9,1280,720,human_verified
ambulance_stuck_at_railroad_crossing,Ambulance stuck at crossing,traffic_control,Clear,Noon,front_frame_00000200,3,evaluation_20260909/ambulance_stuck_at_railroad_crossing/noon__clear/front_frame_00000200.png,ce9265e5847b522d9d0533513fd2da3c073f913d03626123fa2c3b965307c8c4,1280,720,human_verified
ambulance_stuck_at_railroad_crossing,Ambulance stuck at crossing,traffic_control,Clear,Noon,front_frame_00000280,4,evaluation_20260909/ambulance_stuck_at_railroad_crossing/noon__clear/front_frame_00000280.png,bd46bdc98599b277e21a5bce490ad28b0b1651567fee3576d9f2ff2ca048226e,1280,720,human_verified
ambulance_stuck_at_railroad_crossing,Ambulance stuck at crossing,traffic_control,Clear,Noon,front_frame_00000360,5,evaluation_20260909/ambulance_stuck_at_railroad_crossing/noon__clear/front_frame_00000360.png,059fa41f4bafb3a90008392a3a31415f046b9d08b48c921c5f10a63a0ae56fb2,1280,720,human_verified
ambulance_stuck_at_railroad_crossing,Ambulance stuck at crossing,traffic_control,Foggy,Noon,front_frame_00000040,1,evaluation_20260909/ambulance_stuck_at_railroad_crossing/noon__foggy/front_frame_00000040.png,712918d0f24abeba56f0986c17a9f0c9b8f2950fc9123830d8945107d6775c1c,1280,720,human_verified
ambulance_stuck_at_railroad_crossing,Ambulance stuck at crossing,traffic_control,Foggy,Noon,front_frame_00000120,2,evaluation_20260909/ambulance_stuck_at_railroad_crossing/noon__foggy/front_frame_00000120.png,759913b1982d822537b44d68c3b6e711e0ffbe4aec91f607e80b1b7b19fa00ef,1280,720,human_verified
ambulance_stuck_at_railroad_crossing,Ambulance stuck at crossing,traffic_control,Foggy,Noon,front_frame_00000200,3,evaluation_20260909/ambulance_stuck_at_railroad_crossing/noon__foggy/front_frame_00000200.png,aa8f4671530ee2f43b011101925619887f3d0b31e2e3d6b853737d96ca82f1ba,1280,720,human_verified
ambulance_stuck_at_railroad_crossing,Ambulance stuck at crossing,traffic_control,Foggy,Noon,front_frame_00000280,4,evaluation_20260909/ambulance_stuck_at_railroad_crossing/noon__foggy/front_frame_00000280.png,0d2cd82ab5cbb994ec545a3cee9005b25e83732f6ef4f1ae79246d67724057ee,1280,720,human_verified
ambulance_stuck_at_railroad_crossing,Ambulance stuck at crossing,traffic_control,Foggy,Noon,front_frame_00000360,5,evaluation_20260909/ambulance_stuck_at_railroad_crossing/noon__foggy/front_frame_00000360.png,720f3bd58f5862650ff3f38ad38ea1afbaf54a93a36f24bad7a1c068c78b0e0a,1280,720,human_verified
ambulance_stuck_at_railroad_crossing,Ambulance stuck at crossing,traffic_control,Heavy Rainy,Noon,front_frame_00000040,1,evaluation_20260909/ambulance_stuck_at_railroad_crossing/noon__storm/front_frame_00000040.png,ab72516ff62e8a718f76dd112a052bb4db925e04de6efcb2f9145918b5e342b8,1280,720,human_verified
ambulance_stuck_at_railroad_crossing,Ambulance stuck at crossing,traffic_control,Heavy Rainy,Noon,front_frame_00000120,2,evaluation_20260909/ambulance_stuck_at_railroad_crossing/noon__storm/front_frame_00000120.png,0beb5f2d735e1776c55f307676efdb8b86b8e9c4ab5838975d010dd76eb73638,1280,720,human_verified
ambulance_stuck_at_railroad_crossing,Ambulance stuck at crossing,traffic_control,Heavy Rainy,Noon,front_frame_00000200,3,evaluation_20260909/ambulance_stuck_at_railroad_crossing/noon__storm/front_frame_00000200.png,d25fd02e9a5981c02e8f7299141baf7e3ea33b168e982dcd6ff9f7368656fb5a,1280,720,human_verified
ambulance_stuck_at_railroad_crossing,Ambulance stuck at crossing,traffic_control,Heavy Rainy,Noon,front_frame_00000280,4,evaluation_20260909/ambulance_stuck_at_railroad_crossing/noon__storm/front_frame_00000280.png,cea5d851e901e84ed44354a765d6ed613912f91e22fee34965d506c9ddc2e4ce,1280,720,human_verified
ambulance_stuck_at_railroad_crossing,Ambulance stuck at crossing,traffic_control,Heavy Rainy,Noon,front_frame_00000360,5,evaluation_20260909/ambulance_stuck_at_railroad_crossing/noon__storm/front_frame_00000360.png,7ae36ebd0a005150f0cc1da04c2496b502d7cac8012f7839a5a4ab9a677291a8,1280,720,human_verified
ambulance_stuck_at_railroad_crossing,Ambulance stuck at crossing,traffic_control,Stormy,Noon,front_frame_00000040,1,evaluation_20260909/ambulance_stuck_at_railroad_crossing/noon__worst/front_frame_00000040.png,e970d0aca20c6ee28bf6767ceebb489893b979839a0193454146b68403de6424,1280,720,human_verified
ambulance_stuck_at_railroad_crossing,Ambulance stuck at crossing,traffic_control,Stormy,Noon,front_frame_00000120,2,evaluation_20260909/ambulance_stuck_at_railroad_crossing/noon__worst/front_frame_00000120.png,95d73e16ecad6dcd6b3a5c53a418900f4c953a1fc98812d7809b8a468b1ed8ec,1280,720,human_verified
ambulance_stuck_at_railroad_crossing,Ambulance stuck at crossing,traffic_control,Stormy,Noon,front_frame_00000200,3,evaluation_20260909/ambulance_stuck_at_railroad_crossing/noon__worst/front_frame_00000200.png,7c09e7e30a98130f6e7ba8fc77c917f6de43382d1d3618d98f7d4a0eac7c4f29,1280,720,human_verified
ambulance_stuck_at_railroad_crossing,Ambulance stuck at crossing,traffic_control,Stormy,Noon,front_frame_00000280,4,evaluation_20260909/ambulance_stuck_at_railroad_crossing/noon__worst/front_frame_00000280.png,ab6fce93753d41c156fce99714987583fa6a04d196e0f68de9a180c41bd06feb,1280,720,human_verified
ambulance_stuck_at_railroad_crossing,Ambulance stuck at crossing,traffic_control,Stormy,Noon,front_frame_00000360,5,evaluation_20260909/ambulance_stuck_at_railroad_crossing/noon__worst/front_frame_00000360.png,a7b6762dcdc9751b22c25b0d8369ba42d019d89a5182a30ccb158fa85d3d8b6b,1280,720,human_verified
bicycle_in_highway_lane,Bicycle in highway lane,road_user,Clear,Night,front_frame_00000080,1,evaluation_20260909/bicycle_in_highway_lane/night__clear/front_frame_00000080.png,553bf39887a6df2b232a1421812bea2794df043e6f2f2a46878701abee5b1068,800,450,human_verified
bicycle_in_highway_lane,Bicycle in highway lane,road_user,Clear,Night,front_frame_00000140,2,evaluation_20260909/bicycle_in_highway_lane/night__clear/front_frame_00000140.png,ee52bb6e90479b23c7272781291e16a9ae5e33f09d73532545c4e8f6f00047c8,800,450,human_verified
bicycle_in_highway_lane,Bicycle in highway lane,road_user,Clear,Night,front_frame_00000200,3,evaluation_20260909/bicycle_in_highway_lane/night__clear/front_frame_00000200.png,a9b71b0fa2de809c3503680b1937f66318a4c33992169510de96dae8b8ce1279,800,450,human_verified
bicycle_in_highway_lane,Bicycle in highway lane,road_user,Clear,Night,front_frame_00000280,4,evaluation_20260909/bicycle_in_highway_lane/night__clear/front_frame_00000280.png,65e8fe41008f89bbe9ba27d8b2bf01fc7262cf6bd3432d134864dcee529c43e0,800,450,human_verified
bicycle_in_highway_lane,Bicycle in highway lane,road_user,Clear,Night,front_frame_00000360,5,evaluation_20260909/bicycle_in_highway_lane/night__clear/front_frame_00000360.png,fdbf435417fe5183b73a4fddb36d51a241e6f638bf53d21cd421dad652c15f3b,800,450,human_verified
bicycle_in_highway_lane,Bicycle in highway lane,road_user,Foggy,Night,front_frame_00000080,1,evaluation_20260909/bicycle_in_highway_lane/night__foggy/front_frame_00000080.png,ca83b347af8e8798f54dc485b5d9713a25b2c024d3403f41c485ebbd01f0f801,800,450,human_verified
bicycle_in_highway_lane,Bicycle in highway lane,road_user,Foggy,Night,front_frame_00000140,2,evaluation_20260909/bicycle_in_highway_lane/night__foggy/front_frame_00000140.png,1a64d23749832d77edb8b2deeeaab127aa45ccfd79c7f30c864a80feeb377385,800,450,human_verified
bicycle_in_highway_lane,Bicycle in highway lane,road_user,Foggy,Night,front_frame_00000200,3,evaluation_20260909/bicycle_in_highway_lane/night__foggy/front_frame_00000200.png,15c6bae84369145a7de14884c1a5d0426e32c63dcb3f966826cc66eedb160948,800,450,human_verified
bicycle_in_highway_lane,Bicycle in highway lane,road_user,Foggy,Night,front_frame_00000280,4,evaluation_20260909/bicycle_in_highway_lane/night__foggy/front_frame_00000280.png,661814c3594213df62a99b96f51b7e4ce42d9d1b7f2b33ccab626a511c68bf5f,800,450,human_verified
bicycle_in_highway_lane,Bicycle in highway lane,road_user,Foggy,Night,front_frame_00000360,5,evaluation_20260909/bicycle_in_highway_lane/night__foggy/front_frame_00000360.png,5a10b9508075f9cda277f4223584c9d5dda56450b6ec1128730181f5d186d319,800,450,human_verified
bicycle_in_highway_lane,Bicycle in highway lane,road_user,Heavy Rainy,Night,front_frame_00000080,1,evaluation_20260909/bicycle_in_highway_lane/night__storm/front_frame_00000080.png,fde93f61564db8c9d4caefa0f04a98ac503dcf4c80907b0644e6b433b2447f5b,800,450,human_verified
bicycle_in_highway_lane,Bicycle in highway lane,road_user,Heavy Rainy,Night,front_frame_00000140,2,evaluation_20260909/bicycle_in_highway_lane/night__storm/front_frame_00000140.png,032b562b569b2009b32362ea4301b8fec4d2636d8fba46c801a0476c6620cef8,800,450,human_verified
bicycle_in_highway_lane,Bicycle in highway lane,road_user,Heavy Rainy,Night,front_frame_00000200,3,evaluation_20260909/bicycle_in_highway_lane/night__storm/front_frame_00000200.png,6667671ef0a92d3d72d5c55362707e5df4213781c05e18de4c21ba86da7a1078,800,450,human_verified
bicycle_in_highway_lane,Bicycle in highway lane,road_user,Heavy Rainy,Night,front_frame_00000280,4,evaluation_20260909/bicycle_in_highway_lane/night__storm/front_frame_00000280.png,0a90c61f9b0d029aa137458907575f6d561d9ce2f2611d359ae89b0caf4ce3ff,800,450,human_verified
bicycle_in_highway_lane,Bicycle in highway lane,road_user,Heavy Rainy,Night,front_frame_00000360,5,evaluation_20260909/bicycle_in_highway_lane/night__storm/front_frame_00000360.png,8c6f6aa8b56090b436c5fca1afdefb77cfeb9aa80869a8f98a1989214175006c,800,450,human_verified
bicycle_in_highway_lane,Bicycle in highway lane,road_user,Stormy,Night,front_frame_00000080,1,evaluation_20260909/bicycle_in_highway_lane/night__worst/front_frame_00000080.png,a32f880214a36704e66833702bbc2841cbacdff2a02f7d9bc34e8a6aba22df62,800,450,human_verified
bicycle_in_highway_lane,Bicycle in highway lane,road_user,Stormy,Night,front_frame_00000140,2,evaluation_20260909/bicycle_in_highway_lane/night__worst/front_frame_00000140.png,a7fac224b024da492698f535457cc2ae0dc7f2fadceaa7da4262c068479d43b5,800,450,human_verified
bicycle_in_highway_lane,Bicycle in highway lane,road_user,Stormy,Night,front_frame_00000200,3,evaluation_20260909/bicycle_in_highway_lane/night__worst/front_frame_00000200.png,614e3f214bcf10d9f8d829e6750d3fb7670af7fcafc3e120f25669b9adff8bc4,800,450,human_verified
bicycle_in_highway_lane,Bicycle in highway lane,road_user,Stormy,Night,front_frame_00000280,4,evaluation_20260909/bicycle_in_highway_lane/night__worst/front_frame_00000280.png,1ce6a4e131626ce3636d261a31cdc7a5cc4e09ee9294fd6443a3f1ff57925802,800,450,human_verified
bicycle_in_highway_lane,Bicycle in highway lane,road_user,Stormy,Night,front_frame_00000360,5,evaluation_20260909/bicycle_in_highway_lane/night__worst/front_frame_00000360.png,86e330c74c39edd5316eab11fcad72a333aff9b30248dbfca338fb13252f4a27,800,450,human_verified
bicycle_in_highway_lane,Bicycle in highway lane,road_user,Clear,Noon,front_frame_00000080,1,evaluation_20260909/bicycle_in_highway_lane/noon__clear/front_frame_00000080.png,1d052f18f22a751f65e022b5bb146edf1acdd6a0f12ffed91ece9ea7aa4b7b5f,800,450,human_verified
bicycle_in_highway_lane,Bicycle in highway lane,road_user,Clear,Noon,front_frame_00000140,2,evaluation_20260909/bicycle_in_highway_lane/noon__clear/front_frame_00000140.png,6d23a98fa607766c129d1c8c4368db180ceeafb87af498bf1fbf60465c42add1,800,450,human_verified
bicycle_in_highway_lane,Bicycle in highway lane,road_user,Clear,Noon,front_frame_00000200,3,evaluation_20260909/bicycle_in_highway_lane/noon__clear/front_frame_00000200.png,c75ed7f8ab40352a21cf3e3343442681a8a2bce06af5c14a2f0a4dc0ef95163d,800,450,human_verified
bicycle_in_highway_lane,Bicycle in highway lane,road_user,Clear,Noon,front_frame_00000280,4,evaluation_20260909/bicycle_in_highway_lane/noon__clear/front_frame_00000280.png,8b503bdf5d11b546c151f539fcfb0f2668c0c624e835bc4b4df75c75872cbbaa,800,450,human_verified
bicycle_in_highway_lane,Bicycle in highway lane,road_user,Clear,Noon,front_frame_00000360,5,evaluation_20260909/bicycle_in_highway_lane/noon__clear/front_frame_00000360.png,346b1ae40631dc7f4dab886c70bcf9699bf4a3c4bcf054901832b62efb017a63,800,450,human_verified
bicycle_in_highway_lane,Bicycle in highway lane,road_user,Foggy,Noon,front_frame_00000080,1,evaluation_20260909/bicycle_in_highway_lane/noon__foggy/front_frame_00000080.png,4aefda541b989fa4780d44cf40beba80a5d1182e2a8bc0abbbbcf61c4394029d,800,450,human_verified
bicycle_in_highway_lane,Bicycle in highway lane,road_user,Foggy,Noon,front_frame_00000140,2,evaluation_20260909/bicycle_in_highway_lane/noon__foggy/front_frame_00000140.png,3463af56721c07f0af87e97705e3dacf944ae9113a560db2cae56667e2c7f91d,800,450,human_verified
bicycle_in_highway_lane,Bicycle in highway lane,road_user,Foggy,Noon,front_frame_00000200,3,evaluation_20260909/bicycle_in_highway_lane/noon__foggy/front_frame_00000200.png,1381b33e0285a4525bcb27858d5a9237ebeb19091d1cbf230a4ff16c88cd6cb5,800,450,human_verified
bicycle_in_highway_lane,Bicycle in highway lane,road_user,Foggy,Noon,front_frame_00000280,4,evaluation_20260909/bicycle_in_highway_lane/noon__foggy/front_frame_00000280.png,a9cc925487370ddd99fc993d51168650005bccbe5785694b9e8b1796f6a4572d,800,450,human_verified
bicycle_in_highway_lane,Bicycle in highway lane,road_user,Foggy,Noon,front_frame_00000360,5,evaluation_20260909/bicycle_in_highway_lane/noon__foggy/front_frame_00000360.png,c33889506b72f93264457575419a65cb6873064f01c7d1ce77add04d133e6d66,800,450,human_verified
bicycle_in_highway_lane,Bicycle in highway lane,road_user,Heavy Rainy,Noon,front_frame_00000080,1,evaluation_20260909/bicycle_in_highway_lane/noon__storm/front_frame_00000080.png,ec0a8f3f605d741b4bd5ebbf8825c426061c27d0dc1a523c7df091ec70cc26df,800,450,human_verified
bicycle_in_highway_lane,Bicycle in highway lane,road_user,Heavy Rainy,Noon,front_frame_00000140,2,evaluation_20260909/bicycle_in_highway_lane/noon__storm/front_frame_00000140.png,990cfefd15414edc3d3197f0213f2adf74c2a304e836981da0b3fc6c53494fbb,800,450,human_verified
bicycle_in_highway_lane,Bicycle in highway lane,road_user,Heavy Rainy,Noon,front_frame_00000200,3,evaluation_20260909/bicycle_in_highway_lane/noon__storm/front_frame_00000200.png,9e3116ebe050252ddc230b52531dc8d1445e175a386ea61b36367aa267de43cc,800,450,human_verified
bicycle_in_highway_lane,Bicycle in highway lane,road_user,Heavy Rainy,Noon,front_frame_00000280,4,evaluation_20260909/bicycle_in_highway_lane/noon__storm/front_frame_00000280.png,2e832063c7b913df70b798b27f5ceaf548fe31f0011f2c508deb08376a1ee6b9,800,450,human_verified
bicycle_in_highway_lane,Bicycle in highway lane,road_user,Heavy Rainy,Noon,front_frame_00000360,5,evaluation_20260909/bicycle_in_highway_lane/noon__storm/front_frame_00000360.png,6716d534f0f28b80aa0b34c905a5d86a39b2427fbcae88946780266b0cad3bae,800,450,human_verified
bicycle_in_highway_lane,Bicycle in highway lane,road_user,Stormy,Noon,front_frame_00000080,1,evaluation_20260909/bicycle_in_highway_lane/noon__worst/front_frame_00000080.png,e19aee770fcc841436ef406501f1a5a1c5f843b2cda84d01a4abb6c180ff8c5f,800,450,human_verified
bicycle_in_highway_lane,Bicycle in highway lane,road_user,Stormy,Noon,front_frame_00000140,2,evaluation_20260909/bicycle_in_highway_lane/noon__worst/front_frame_00000140.png,f87f47c1a6fc3d79213f2c4e772f239babcbc10b995bf01fd91a65016c13aae0,800,450,human_verified
bicycle_in_highway_lane,Bicycle in highway lane,road_user,Stormy,Noon,front_frame_00000200,3,evaluation_20260909/bicycle_in_highway_lane/noon__worst/front_frame_00000200.png,ae0888aa8358f4b47c313a19bb279e563a3fdc76be6b5ea112423443d0bf1266,800,450,human_verified
bicycle_in_highway_lane,Bicycle in highway lane,road_user,Stormy,Noon,front_frame_00000280,4,evaluation_20260909/bicycle_in_highway_lane/noon__worst/front_frame_00000280.png,abb307e4b4d617fd283db63f0a78b24794f4afaf28f09f0c6bfecb6228b261d4,800,450,human_verified
bicycle_in_highway_lane,Bicycle in highway lane,road_user,Stormy,Noon,front_frame_00000360,5,evaluation_20260909/bicycle_in_highway_lane/noon__worst/front_frame_00000360.png,f6b325c415d19915d14889171ba16a320918eda5972701819a2fa87fc69887e6,800,450,human_verified
bridge_icing_patch,Bridge icing patch,environmental,Clear,Night,front_frame_00000040,1,evaluation_20260909/bridge_icing_patch/night__clear/front_frame_00000040.png,4bdf4e292d10ff5f2dc54b208147bf511c0d91b868a392e49563b8ea20d3687d,1280,720,human_verified
bridge_icing_patch,Bridge icing patch,environmental,Clear,Night,front_frame_00000060,2,evaluation_20260909/bridge_icing_patch/night__clear/front_frame_00000060.png,06fd7cf59b1c4b011e3fa28d717e673bbd0c389c2f25c8e4589c844fb0f57d51,1280,720,human_verified
bridge_icing_patch,Bridge icing patch,environmental,Clear,Night,front_frame_00000080,3,evaluation_20260909/bridge_icing_patch/night__clear/front_frame_00000080.png,d77259468e8ea842ec0a1b0a285142d6fbc36b2cfe9ac9a24c89ed72312fe11d,1280,720,human_verified
bridge_icing_patch,Bridge icing patch,environmental,Clear,Night,front_frame_00000100,4,evaluation_20260909/bridge_icing_patch/night__clear/front_frame_00000100.png,0a71328b86c373dac6040450c46febec9bb5d5fa35f4b873ad4170c9f8f3c82c,1280,720,human_verified
bridge_icing_patch,Bridge icing patch,environmental,Clear,Night,front_frame_00000120,5,evaluation_20260909/bridge_icing_patch/night__clear/front_frame_00000120.png,931752940bdec8b49b538ee7679d01c9035e4f92988b7e38e23f3a2af7b92724,1280,720,human_verified
bridge_icing_patch,Bridge icing patch,environmental,Foggy,Night,front_frame_00000040,1,evaluation_20260909/bridge_icing_patch/night__foggy/front_frame_00000040.png,0b607f7e5880cc7f31722cf34a83b50c4c6c215a65d95ab29f6903b7b2eb2319,1280,720,human_verified
bridge_icing_patch,Bridge icing patch,environmental,Foggy,Night,front_frame_00000060,2,evaluation_20260909/bridge_icing_patch/night__foggy/front_frame_00000060.png,f25998215b4ff2e5f0f77eda693aeb41735a60354e68b54c0a76c3aab1d0326c,1280,720,human_verified
bridge_icing_patch,Bridge icing patch,environmental,Foggy,Night,front_frame_00000080,3,evaluation_20260909/bridge_icing_patch/night__foggy/front_frame_00000080.png,18993b89420b4c2e93889518abae7f2c97f8652b59cd51ca306aef49ace6d514,1280,720,human_verified
bridge_icing_patch,Bridge icing patch,environmental,Foggy,Night,front_frame_00000100,4,evaluation_20260909/bridge_icing_patch/night__foggy/front_frame_00000100.png,da2431affdae5c956f1d0994f286e9ebd97471c5e6d0c3b3bb53eb7517c804c7,1280,720,human_verified
bridge_icing_patch,Bridge icing patch,environmental,Foggy,Night,front_frame_00000120,5,evaluation_20260909/bridge_icing_patch/night__foggy/front_frame_00000120.png,8f3641779cee071862922fc65bf7704b4bcb65dab516e1b3d6ba92921b304c92,1280,720,human_verified
bridge_icing_patch,Bridge icing patch,environmental,Heavy Rainy,Night,front_frame_00000040,1,evaluation_20260909/bridge_icing_patch/night__storm/front_frame_00000040.png,caaf23d71e661013b66a8f411dde1da45c8fcd2127a7e6221a771b3add74bd50,1280,720,human_verified
bridge_icing_patch,Bridge icing patch,environmental,Heavy Rainy,Night,front_frame_00000060,2,evaluation_20260909/bridge_icing_patch/night__storm/front_frame_00000060.png,7c0f6ed2e77a68aa613643db435f01107b3a4c3e1fe04e48e725e80cd21c7327,1280,720,human_verified
bridge_icing_patch,Bridge icing patch,environmental,Heavy Rainy,Night,front_frame_00000080,3,evaluation_20260909/bridge_icing_patch/night__storm/front_frame_00000080.png,9b6bc3510ba5bd4e0418c91b0086da7a272fcd62974f34847bfea6257cc01519,1280,720,human_verified
bridge_icing_patch,Bridge icing patch,environmental,Heavy Rainy,Night,front_frame_00000100,4,evaluation_20260909/bridge_icing_patch/night__storm/front_frame_00000100.png,107d36310948e5850370fed591e38d415e36ec25fa387f266c6abd78564f0840,1280,720,human_verified
bridge_icing_patch,Bridge icing patch,environmental,Heavy Rainy,Night,front_frame_00000120,5,evaluation_20260909/bridge_icing_patch/night__storm/front_frame_00000120.png,6e6ab694dc6b3200d11b16c69a491c2e4619d4cb536ae1fef91fb9b55f5a4054,1280,720,human_verified
bridge_icing_patch,Bridge icing patch,environmental,Stormy,Night,front_frame_00000040,1,evaluation_20260909/bridge_icing_patch/night__worst/front_frame_00000040.png,d94c4abac3bbf29ce74da4cd9de0db60d8fbab580e50c9e47c925fe2a14e1185,1280,720,human_verified
bridge_icing_patch,Bridge icing patch,environmental,Stormy,Night,front_frame_00000060,2,evaluation_20260909/bridge_icing_patch/night__worst/front_frame_00000060.png,38b3cc057b7f37de862bc2ee8db38efc762946f20274c7b1200f7d77f4aa2d11,1280,720,human_verified
bridge_icing_patch,Bridge icing patch,environmental,Stormy,Night,front_frame_00000080,3,evaluation_20260909/bridge_icing_patch/night__worst/front_frame_00000080.png,06ecd664a6a2c387f722d8aa1d28685c63ca3900cb776fd5dc3cd5756d415f9e,1280,720,human_verified
bridge_icing_patch,Bridge icing patch,environmental,Stormy,Night,front_frame_00000100,4,evaluation_20260909/bridge_icing_patch/night__worst/front_frame_00000100.png,5a4a5b3ec7e4bbfe7fcc391441bc0a65e498ac7955627db9b54f9f384ecd423b,1280,720,human_verified
bridge_icing_patch,Bridge icing patch,environmental,Stormy,Night,front_frame_00000120,5,evaluation_20260909/bridge_icing_patch/night__worst/front_frame_00000120.png,d7da9fb6927c4bbf2ce9f93ac3371d60db3fb194a6ec6d9e46c5930741103605,1280,720,human_verified
bridge_icing_patch,Bridge icing patch,environmental,Clear,Noon,front_frame_00000040,1,evaluation_20260909/bridge_icing_patch/noon__clear/front_frame_00000040.png,e3a18a1c9429be5a986caee98f760f284e16bed17817aa002f3f5a0ae67b05ea,1280,720,human_verified
bridge_icing_patch,Bridge icing patch,environmental,Clear,Noon,front_frame_00000060,2,evaluation_20260909/bridge_icing_patch/noon__clear/front_frame_00000060.png,6708b4afa837d2a207f1c9dc1e7924bc5f1086453988d4fde8690beb0900bece,1280,720,human_verified
bridge_icing_patch,Bridge icing patch,environmental,Clear,Noon,front_frame_00000080,3,evaluation_20260909/bridge_icing_patch/noon__clear/front_frame_00000080.png,5349f5a404f4daa220246e0b7a8df3ca9cc606785a077ab8a6c912b6e1bc9d92,1280,720,human_verified
bridge_icing_patch,Bridge icing patch,environmental,Clear,Noon,front_frame_00000100,4,evaluation_20260909/bridge_icing_patch/noon__clear/front_frame_00000100.png,056e7cf23d9e971bf58fa43983c263d9ebfddc1f61f6c1e148175fd70fd20637,1280,720,human_verified
bridge_icing_patch,Bridge icing patch,environmental,Clear,Noon,front_frame_00000120,5,evaluation_20260909/bridge_icing_patch/noon__clear/front_frame_00000120.png,f9852f334891199efa63a49f891cc38e6b29438c26fb192824bd55f4efb0aed0,1280,720,human_verified
bridge_icing_patch,Bridge icing patch,environmental,Foggy,Noon,front_frame_00000040,1,evaluation_20260909/bridge_icing_patch/noon__foggy/front_frame_00000040.png,0c7af55b2ba7e30ee09adcbdda4d901f611155d1fa0747ce04a1e9ce3743e1cf,1280,720,human_verified
bridge_icing_patch,Bridge icing patch,environmental,Foggy,Noon,front_frame_00000060,2,evaluation_20260909/bridge_icing_patch/noon__foggy/front_frame_00000060.png,e5286a0c3db65f23f9cadd3b64052d1014898519e2a1bf8fd2b4d2e8035e09af,1280,720,human_verified
bridge_icing_patch,Bridge icing patch,environmental,Foggy,Noon,front_frame_00000080,3,evaluation_20260909/bridge_icing_patch/noon__foggy/front_frame_00000080.png,0711864ef57e6f29e9ca9009f06b6453368b63f60fe5c8ba3be728ee47c23cde,1280,720,human_verified
bridge_icing_patch,Bridge icing patch,environmental,Foggy,Noon,front_frame_00000100,4,evaluation_20260909/bridge_icing_patch/noon__foggy/front_frame_00000100.png,6dfa9d582c5f5942f60c4f462f5c9b09560ee0b8ebf77a2a2f8602562e290f69,1280,720,human_verified
bridge_icing_patch,Bridge icing patch,environmental,Foggy,Noon,front_frame_00000120,5,evaluation_20260909/bridge_icing_patch/noon__foggy/front_frame_00000120.png,fb37da5a8b26680499a0d2c932e62937d19029bcd22326e41efb960786f5d394,1280,720,human_verified
bridge_icing_patch,Bridge icing patch,environmental,Heavy Rainy,Noon,front_frame_00000040,1,evaluation_20260909/bridge_icing_patch/noon__storm/front_frame_00000040.png,df71b3826663f93882f46ece0ae3c2f8c78236b05916f8f103475985b4cbdb64,1280,720,human_verified
bridge_icing_patch,Bridge icing patch,environmental,Heavy Rainy,Noon,front_frame_00000060,2,evaluation_20260909/bridge_icing_patch/noon__storm/front_frame_00000060.png,e7640ae14c9c6c57780bcbd0c2a8198ee3217bd7d5c4373ab52bb0d14bed99ac,1280,720,human_verified
bridge_icing_patch,Bridge icing patch,environmental,Heavy Rainy,Noon,front_frame_00000080,3,evaluation_20260909/bridge_icing_patch/noon__storm/front_frame_00000080.png,c48b393a7a0c2b99d2f67ee9cf226bb071769441bbd62b40c48ab9777a92dcc2,1280,720,human_verified
bridge_icing_patch,Bridge icing patch,environmental,Heavy Rainy,Noon,front_frame_00000100,4,evaluation_20260909/bridge_icing_patch/noon__storm/front_frame_00000100.png,585073c632d8bd9ee3cebdedc5ec3c2163f3e9f2e54bc13a1178e9ccbe242f86,1280,720,human_verified
bridge_icing_patch,Bridge icing patch,environmental,Heavy Rainy,Noon,front_frame_00000120,5,evaluation_20260909/bridge_icing_patch/noon__storm/front_frame_00000120.png,deaa0a1f1d3c53c77be65734a9db8f19c18da82372b9c9dc556854150b217b12,1280,720,human_verified
bridge_icing_patch,Bridge icing patch,environmental,Stormy,Noon,front_frame_00000040,1,evaluation_20260909/bridge_icing_patch/noon__worst/front_frame_00000040.png,ec138951b33bbc7fc4942cf5999c9b7cfe8835aa54f358704b37d22739ebe766,1280,720,human_verified
bridge_icing_patch,Bridge icing patch,environmental,Stormy,Noon,front_frame_00000060,2,evaluation_20260909/bridge_icing_patch/noon__worst/front_frame_00000060.png,925aa0357c3926e90c7a6874a35f478f1b51133df244d00698834b8c259d356e,1280,720,human_verified
bridge_icing_patch,Bridge icing patch,environmental,Stormy,Noon,front_frame_00000080,3,evaluation_20260909/bridge_icing_patch/noon__worst/front_frame_00000080.png,eb5a70f3d37eda5e84333524d5991edb56d6fd206b943fa5db76c28e2887c99e,1280,720,human_verified
bridge_icing_patch,Bridge icing patch,environmental,Stormy,Noon,front_frame_00000100,4,evaluation_20260909/bridge_icing_patch/noon__worst/front_frame_00000100.png,18ed6ef2b64fecca9aeaaa4e942f99b9d5695f36ceaacadc45f3813a3003403a,1280,720,human_verified
bridge_icing_patch,Bridge icing patch,environmental,Stormy,Noon,front_frame_00000120,5,evaluation_20260909/bridge_icing_patch/noon__worst/front_frame_00000120.png,cd654b9f6075794fdffe6c6057ef284bbb2be5c84ca97523fe110adaf913b35b,1280,720,human_verified
drawbridge_lifting_midcrossing,Drawbridge lifting mid-crossing,traffic_control,Clear,Night,front_frame_00000040,1,evaluation_20260909/drawbridge_lifting_midcrossing/night__clear/front_frame_00000040.png,043d645c324fab2388e15abbd84d067ea2602415b6bc8ce6973d0561fe9ca6d4,1280,720,human_verified
drawbridge_lifting_midcrossing,Drawbridge lifting mid-crossing,traffic_control,Clear,Night,front_frame_00000100,2,evaluation_20260909/drawbridge_lifting_midcrossing/night__clear/front_frame_00000100.png,ae63583379137d4d828b1770d1c41ec55399696dd9cb5faf451b83c6982c973c,1280,720,human_verified
drawbridge_lifting_midcrossing,Drawbridge lifting mid-crossing,traffic_control,Clear,Night,front_frame_00000160,3,evaluation_20260909/drawbridge_lifting_midcrossing/night__clear/front_frame_00000160.png,bade83b36074177838cb78576375edf10425e5618e03bc813c9645e7d59ec7fa,1280,720,human_verified
drawbridge_lifting_midcrossing,Drawbridge lifting mid-crossing,traffic_control,Clear,Night,front_frame_00000240,4,evaluation_20260909/drawbridge_lifting_midcrossing/night__clear/front_frame_00000240.png,7bb1eebb40d57de6a4683d3a9ab28a4337acc9f6327bfddabee251c4788dd890,1280,720,human_verified
drawbridge_lifting_midcrossing,Drawbridge lifting mid-crossing,traffic_control,Clear,Night,front_frame_00000360,5,evaluation_20260909/drawbridge_lifting_midcrossing/night__clear/front_frame_00000360.png,9368bc26825747934b4db49d486d6c22ef09a5d752964cb44300c0acafc66030,1280,720,human_verified
drawbridge_lifting_midcrossing,Drawbridge lifting mid-crossing,traffic_control,Foggy,Night,front_frame_00000040,1,evaluation_20260909/drawbridge_lifting_midcrossing/night__foggy/front_frame_00000040.png,98897f3e0ba35ceb7c03805a14e45ab2f3a5d73e462f07d220ff00e90cb435f9,1280,720,human_verified
drawbridge_lifting_midcrossing,Drawbridge lifting mid-crossing,traffic_control,Foggy,Night,front_frame_00000100,2,evaluation_20260909/drawbridge_lifting_midcrossing/night__foggy/front_frame_00000100.png,ee80d4091f4b234821138ce417889774dd7cfbb1ad22b0581c7f11040886dd6f,1280,720,human_verified
drawbridge_lifting_midcrossing,Drawbridge lifting mid-crossing,traffic_control,Foggy,Night,front_frame_00000160,3,evaluation_20260909/drawbridge_lifting_midcrossing/night__foggy/front_frame_00000160.png,a56185e906e8e374cc5daa40b3533a5f3dfc40d71afab65933b850f43be9201a,1280,720,human_verified
drawbridge_lifting_midcrossing,Drawbridge lifting mid-crossing,traffic_control,Foggy,Night,front_frame_00000240,4,evaluation_20260909/drawbridge_lifting_midcrossing/night__foggy/front_frame_00000240.png,bf2b76d9e3bc57338f22dd2e0e90cabade34ecc507fddc1f6293c54db9ecc598,1280,720,human_verified
drawbridge_lifting_midcrossing,Drawbridge lifting mid-crossing,traffic_control,Foggy,Night,front_frame_00000360,5,evaluation_20260909/drawbridge_lifting_midcrossing/night__foggy/front_frame_00000360.png,2411be8ff51b4ba25012f37df9f9d470abe5123f1d28d862aa46f2e94df98b20,1280,720,human_verified
drawbridge_lifting_midcrossing,Drawbridge lifting mid-crossing,traffic_control,Heavy Rainy,Night,front_frame_00000040,1,evaluation_20260909/drawbridge_lifting_midcrossing/night__storm/front_frame_00000040.png,f7b88ba4663bbced28e6b746a4a01ff2de6daf127e8113c83742fc76460cbfc4,1280,720,human_verified
drawbridge_lifting_midcrossing,Drawbridge lifting mid-crossing,traffic_control,Heavy Rainy,Night,front_frame_00000100,2,evaluation_20260909/drawbridge_lifting_midcrossing/night__storm/front_frame_00000100.png,75beec29f7cfc50c927e6fe9b0bd7d0e470c7c02b3832cdb08202bacb5bcace2,1280,720,human_verified
drawbridge_lifting_midcrossing,Drawbridge lifting mid-crossing,traffic_control,Heavy Rainy,Night,front_frame_00000160,3,evaluation_20260909/drawbridge_lifting_midcrossing/night__storm/front_frame_00000160.png,3e7f32d90c7ea87655d9f497064b34c1ee2aa4ccb55fb7061bde2304c456a39f,1280,720,human_verified
drawbridge_lifting_midcrossing,Drawbridge lifting mid-crossing,traffic_control,Heavy Rainy,Night,front_frame_00000240,4,evaluation_20260909/drawbridge_lifting_midcrossing/night__storm/front_frame_00000240.png,885fd0d04a6c43cbce699570f038679aca9b095cc544c9bfd471d17941137b58,1280,720,human_verified
drawbridge_lifting_midcrossing,Drawbridge lifting mid-crossing,traffic_control,Heavy Rainy,Night,front_frame_00000360,5,evaluation_20260909/drawbridge_lifting_midcrossing/night__storm/front_frame_00000360.png,64757d48ff867221805f06634750480f1706060847001a9e445ba41e4a721560,1280,720,human_verified
drawbridge_lifting_midcrossing,Drawbridge lifting mid-crossing,traffic_control,Stormy,Night,front_frame_00000040,1,evaluation_20260909/drawbridge_lifting_midcrossing/night__worst/front_frame_00000040.png,b62887b3b1a111a6ad113665a5fe083324620986091384b7819795bd115535bc,1280,720,human_verified
drawbridge_lifting_midcrossing,Drawbridge lifting mid-crossing,traffic_control,Stormy,Night,front_frame_00000100,2,evaluation_20260909/drawbridge_lifting_midcrossing/night__worst/front_frame_00000100.png,b62af0bc88a51b7458951c49902955b968383a945ef401c6213e003e65261c76,1280,720,human_verified
drawbridge_lifting_midcrossing,Drawbridge lifting mid-crossing,traffic_control,Stormy,Night,front_frame_00000160,3,evaluation_20260909/drawbridge_lifting_midcrossing/night__worst/front_frame_00000160.png,79acecc305357043993891e0de818dc20db90da790c94b0d3ffe97b85fc7c959,1280,720,human_verified
drawbridge_lifting_midcrossing,Drawbridge lifting mid-crossing,traffic_control,Stormy,Night,front_frame_00000240,4,evaluation_20260909/drawbridge_lifting_midcrossing/night__worst/front_frame_00000240.png,7c36504dcedff554bfb5441a9ca9604eb1ab8def51988bd7f329339341962b78,1280,720,human_verified
drawbridge_lifting_midcrossing,Drawbridge lifting mid-crossing,traffic_control,Stormy,Night,front_frame_00000360,5,evaluation_20260909/drawbridge_lifting_midcrossing/night__worst/front_frame_00000360.png,404654f0ca0bce6ccfceba6778a9a8fe0eb0077c87be16e56b2f5f8ab3f8bbf4,1280,720,human_verified
drawbridge_lifting_midcrossing,Drawbridge lifting mid-crossing,traffic_control,Clear,Noon,front_frame_00000040,1,evaluation_20260909/drawbridge_lifting_midcrossing/noon__clear/front_frame_00000040.png,632bf1fed4970f321e7c092fe6b1f087388c36fc28183611eb155d81f4671037,1280,720,human_verified
drawbridge_lifting_midcrossing,Drawbridge lifting mid-crossing,traffic_control,Clear,Noon,front_frame_00000100,2,evaluation_20260909/drawbridge_lifting_midcrossing/noon__clear/front_frame_00000100.png,7ea8e47104127cb1faabf9788fdda3fc38a96f1e3ba433cdf2cc0f86e4928654,1280,720,human_verified
drawbridge_lifting_midcrossing,Drawbridge lifting mid-crossing,traffic_control,Clear,Noon,front_frame_00000160,3,evaluation_20260909/drawbridge_lifting_midcrossing/noon__clear/front_frame_00000160.png,db1a13f98dafe67b46ad82da0cf19a08ba71627a4f4d8fee5a9be4d4aeb5c2fa,1280,720,human_verified
drawbridge_lifting_midcrossing,Drawbridge lifting mid-crossing,traffic_control,Clear,Noon,front_frame_00000240,4,evaluation_20260909/drawbridge_lifting_midcrossing/noon__clear/front_frame_00000240.png,f4c98c861b480640baaafd1975fe3e581948edc9c9191ff6d3d8e2dd29a101c6,1280,720,human_verified
drawbridge_lifting_midcrossing,Drawbridge lifting mid-crossing,traffic_control,Clear,Noon,front_frame_00000360,5,evaluation_20260909/drawbridge_lifting_midcrossing/noon__clear/front_frame_00000360.png,4aa573393b180990f20bba7f54c0db919c09decc8e9f793ff4946b4e1b4fa8ed,1280,720,human_verified
drawbridge_lifting_midcrossing,Drawbridge lifting mid-crossing,traffic_control,Foggy,Noon,front_frame_00000040,1,evaluation_20260909/drawbridge_lifting_midcrossing/noon__foggy/front_frame_00000040.png,e6f3a487175ae26191364b7975a091047f1fcc83b18dc619070331fed47dd6b1,1280,720,human_verified
drawbridge_lifting_midcrossing,Drawbridge lifting mid-crossing,traffic_control,Foggy,Noon,front_frame_00000100,2,evaluation_20260909/drawbridge_lifting_midcrossing/noon__foggy/front_frame_00000100.png,c5cc463db32e26784817d94f28b8f682f61f4f093823719e8496a4db3679f08e,1280,720,human_verified
drawbridge_lifting_midcrossing,Drawbridge lifting mid-crossing,traffic_control,Foggy,Noon,front_frame_00000160,3,evaluation_20260909/drawbridge_lifting_midcrossing/noon__foggy/front_frame_00000160.png,0119caa01a214fa198a3f64688f3d3e1f9ccf72a9f8b924c5baefc051773660a,1280,720,human_verified
drawbridge_lifting_midcrossing,Drawbridge lifting mid-crossing,traffic_control,Foggy,Noon,front_frame_00000240,4,evaluation_20260909/drawbridge_lifting_midcrossing/noon__foggy/front_frame_00000240.png,ed31c914a4890f33ff5ad475f1140d979e3cc4a2db717d124b3810d017856faa,1280,720,human_verified
drawbridge_lifting_midcrossing,Drawbridge lifting mid-crossing,traffic_control,Foggy,Noon,front_frame_00000360,5,evaluation_20260909/drawbridge_lifting_midcrossing/noon__foggy/front_frame_00000360.png,50992d164c55a0d15f4284fb10f8cee47363b77fe7bb0c4ed4cbd4940ef27ef5,1280,720,human_verified
drawbridge_lifting_midcrossing,Drawbridge lifting mid-crossing,traffic_control,Heavy Rainy,Noon,front_frame_00000040,1,evaluation_20260909/drawbridge_lifting_midcrossing/noon__storm/front_frame_00000040.png,530a9e6039dfd70617aac362355e5e71a970423872129b0e6f1aba10519fd673,1280,720,human_verified
drawbridge_lifting_midcrossing,Drawbridge lifting mid-crossing,traffic_control,Heavy Rainy,Noon,front_frame_00000100,2,evaluation_20260909/drawbridge_lifting_midcrossing/noon__storm/front_frame_00000100.png,6d3b16aa3ceeb96b6b5d514527cef3de6c2badaedd07aee68808fe4da89e66a7,1280,720,human_verified
drawbridge_lifting_midcrossing,Drawbridge lifting mid-crossing,traffic_control,Heavy Rainy,Noon,front_frame_00000160,3,evaluation_20260909/drawbridge_lifting_midcrossing/noon__storm/front_frame_00000160.png,9d8f8769de8aac37a29b37ade34e8a6be40e74bbd3c1b934bd533a445f16bae0,1280,720,human_verified
drawbridge_lifting_midcrossing,Drawbridge lifting mid-crossing,traffic_control,Heavy Rainy,Noon,front_frame_00000240,4,evaluation_20260909/drawbridge_lifting_midcrossing/noon__storm/front_frame_00000240.png,2369eb10e7b69ab1b761e0a53dda08bdfac6b1308ed711a4e33aabdcf3ddca21,1280,720,human_verified
drawbridge_lifting_midcrossing,Drawbridge lifting mid-crossing,traffic_control,Heavy Rainy,Noon,front_frame_00000360,5,evaluation_20260909/drawbridge_lifting_midcrossing/noon__storm/front_frame_00000360.png,0f1f1b6defaae5f8ff392359354be7d0d7f1b3b0f895e93f4c4288ed04514b67,1280,720,human_verified
drawbridge_lifting_midcrossing,Drawbridge lifting mid-crossing,traffic_control,Stormy,Noon,front_frame_00000040,1,evaluation_20260909/drawbridge_lifting_midcrossing/noon__worst/front_frame_00000040.png,2fabf96eadcc5774ea7c9091ad5041b065580dafee8aab4e82ed93e78d945d3d,1280,720,human_verified
drawbridge_lifting_midcrossing,Drawbridge lifting mid-crossing,traffic_control,Stormy,Noon,front_frame_00000100,2,evaluation_20260909/drawbridge_lifting_midcrossing/noon__worst/front_frame_00000100.png,10f148668563aa4efd3a4227320284b736be824b79c1476cbf9782333f1627ce,1280,720,human_verified
drawbridge_lifting_midcrossing,Drawbridge lifting mid-crossing,traffic_control,Stormy,Noon,front_frame_00000160,3,evaluation_20260909/drawbridge_lifting_midcrossing/noon__worst/front_frame_00000160.png,92917b8db7607a15ec4be7bb260c60258f2d47ae66239ccad2c0b88d633a29e2,1280,720,human_verified
drawbridge_lifting_midcrossing,Drawbridge lifting mid-crossing,traffic_control,Stormy,Noon,front_frame_00000240,4,evaluation_20260909/drawbridge_lifting_midcrossing/noon__worst/front_frame_00000240.png,8186a835a5307be70dc82d03889fc2e6abcabf2ec6458776c2841706e14e2187,1280,720,human_verified
drawbridge_lifting_midcrossing,Drawbridge lifting mid-crossing,traffic_control,Stormy,Noon,front_frame_00000360,5,evaluation_20260909/drawbridge_lifting_midcrossing/noon__worst/front_frame_00000360.png,6572887d7979697fcc72c1e716fac705bcecfeb177885e1f649de7a8258db616,1280,720,human_verified
emergency_vehicle_priority,Emergency vehicle priority,traffic_control,Clear,Night,front_frame_00000260,1,evaluation_20260909/emergency_vehicle_priority/night__clear/front_frame_00000260.png,b6988d70b0127de9b54f0448d27f40f09831722a871cd632b6cde1308e4d67f1,1280,720,human_verified
emergency_vehicle_priority,Emergency vehicle priority,traffic_control,Clear,Night,front_frame_00000280,2,evaluation_20260909/emergency_vehicle_priority/night__clear/front_frame_00000280.png,60651af377e1e29e826d020fa28ef54939d463a6bf02db770a674a863470f7fc,1280,720,human_verified
emergency_vehicle_priority,Emergency vehicle priority,traffic_control,Clear,Night,front_frame_00000300,3,evaluation_20260909/emergency_vehicle_priority/night__clear/front_frame_00000300.png,a7e9c3c105b3e108dce56d68afb21cb78f523f83c0cea1a3abfe441964237771,1280,720,human_verified
emergency_vehicle_priority,Emergency vehicle priority,traffic_control,Clear,Night,front_frame_00000320,4,evaluation_20260909/emergency_vehicle_priority/night__clear/front_frame_00000320.png,65bcf232177ff1b5587def9575b0e241d9708cde852077dd82ea71ddd7295764,1280,720,human_verified
emergency_vehicle_priority,Emergency vehicle priority,traffic_control,Clear,Night,front_frame_00000340,5,evaluation_20260909/emergency_vehicle_priority/night__clear/front_frame_00000340.png,59ddb7ead6ffae6d5c8c0af4ae8de1af71a50cee116b0b6604e20c0bfeafc772,1280,720,human_verified
emergency_vehicle_priority,Emergency vehicle priority,traffic_control,Foggy,Night,front_frame_00000260,1,evaluation_20260909/emergency_vehicle_priority/night__foggy/front_frame_00000260.png,f94e01cd44c4ac468ba0ba570c3a94178ca9936f1e608c8770f4069b19d90ec1,1280,720,human_verified
emergency_vehicle_priority,Emergency vehicle priority,traffic_control,Foggy,Night,front_frame_00000280,2,evaluation_20260909/emergency_vehicle_priority/night__foggy/front_frame_00000280.png,9f283f4cbd18af91522b44096698eba736b6d623a946f581e8bd75a07dab8ca1,1280,720,human_verified
emergency_vehicle_priority,Emergency vehicle priority,traffic_control,Foggy,Night,front_frame_00000300,3,evaluation_20260909/emergency_vehicle_priority/night__foggy/front_frame_00000300.png,5b2efce0760831ff631e6ce328a33aa781bb18aa8474d4fdf2e701eea6eee26c,1280,720,human_verified
emergency_vehicle_priority,Emergency vehicle priority,traffic_control,Foggy,Night,front_frame_00000320,4,evaluation_20260909/emergency_vehicle_priority/night__foggy/front_frame_00000320.png,d142c19388d4f4036a6ea98ebf5037e3447cdb1be23980b3d73d74d89bef1844,1280,720,human_verified
emergency_vehicle_priority,Emergency vehicle priority,traffic_control,Foggy,Night,front_frame_00000340,5,evaluation_20260909/emergency_vehicle_priority/night__foggy/front_frame_00000340.png,eba889472e13f9a2e2b7982155d3c20cb717cf9f64b695a1d566df79ad05947d,1280,720,human_verified
emergency_vehicle_priority,Emergency vehicle priority,traffic_control,Heavy Rainy,Night,front_frame_00000260,1,evaluation_20260909/emergency_vehicle_priority/night__storm/front_frame_00000260.png,309d68f92a734cbc7d8950ca2e50e76c065d1e83784092c8f27a300b2824307e,1280,720,human_verified
emergency_vehicle_priority,Emergency vehicle priority,traffic_control,Heavy Rainy,Night,front_frame_00000280,2,evaluation_20260909/emergency_vehicle_priority/night__storm/front_frame_00000280.png,8976e316928e21e8f59686b13563b8c7bc7c0400e2d309487ac19235f8225808,1280,720,human_verified
emergency_vehicle_priority,Emergency vehicle priority,traffic_control,Heavy Rainy,Night,front_frame_00000300,3,evaluation_20260909/emergency_vehicle_priority/night__storm/front_frame_00000300.png,469bbc81337f27cdbc3071ac8f2738bb9b12cd915007da70615e5af1530a6e29,1280,720,human_verified
emergency_vehicle_priority,Emergency vehicle priority,traffic_control,Heavy Rainy,Night,front_frame_00000320,4,evaluation_20260909/emergency_vehicle_priority/night__storm/front_frame_00000320.png,10b90fbed496f1f573539e4362428259082871cbb41c4c14f113ba2c81b73d6f,1280,720,human_verified
emergency_vehicle_priority,Emergency vehicle priority,traffic_control,Heavy Rainy,Night,front_frame_00000340,5,evaluation_20260909/emergency_vehicle_priority/night__storm/front_frame_00000340.png,8f992808686a430ed821b414a8193146491686eec027f93ca3c0b294cecd1195,1280,720,human_verified
emergency_vehicle_priority,Emergency vehicle priority,traffic_control,Stormy,Night,front_frame_00000260,1,evaluation_20260909/emergency_vehicle_priority/night__worst/front_frame_00000260.png,af564585b07706971f7842524a929b3f021d63563bcdbead84a85e600566b153,1280,720,human_verified
emergency_vehicle_priority,Emergency vehicle priority,traffic_control,Stormy,Night,front_frame_00000280,2,evaluation_20260909/emergency_vehicle_priority/night__worst/front_frame_00000280.png,407d724f9a8af755e9ac6d9d8f9b7076c59bb52ae8814dd52e200476ceb2ead1,1280,720,human_verified
emergency_vehicle_priority,Emergency vehicle priority,traffic_control,Stormy,Night,front_frame_00000300,3,evaluation_20260909/emergency_vehicle_priority/night__worst/front_frame_00000300.png,312849e48636919918be2a47521f617e4dd515fac6f93a2f7a423535137837ca,1280,720,human_verified
emergency_vehicle_priority,Emergency vehicle priority,traffic_control,Stormy,Night,front_frame_00000320,4,evaluation_20260909/emergency_vehicle_priority/night__worst/front_frame_00000320.png,9e6bd166038fe91cb7177bae814d9e971cf523b273f902e2e3f5697a5d558d69,1280,720,human_verified
emergency_vehicle_priority,Emergency vehicle priority,traffic_control,Stormy,Night,front_frame_00000340,5,evaluation_20260909/emergency_vehicle_priority/night__worst/front_frame_00000340.png,1135b5064a0a72a1307986bc075e6d32c074bf2d23545b67701af404199529f1,1280,720,human_verified
emergency_vehicle_priority,Emergency vehicle priority,traffic_control,Clear,Noon,front_frame_00000260,1,evaluation_20260909/emergency_vehicle_priority/noon__clear/front_frame_00000260.png,e1eee8ebddda6be66f919d4cfca3363d00deb869ed9f89e29b0dfcb4bf026a01,1280,720,human_verified
emergency_vehicle_priority,Emergency vehicle priority,traffic_control,Clear,Noon,front_frame_00000280,2,evaluation_20260909/emergency_vehicle_priority/noon__clear/front_frame_00000280.png,9ffc4d6eec98691140f8917b90a2e7efb5ab3192cb2f22231ed49159e936bd3f,1280,720,human_verified
emergency_vehicle_priority,Emergency vehicle priority,traffic_control,Clear,Noon,front_frame_00000300,3,evaluation_20260909/emergency_vehicle_priority/noon__clear/front_frame_00000300.png,17a89c054148cf8524ba18583dd717fe0a8744f5b94d3d0bf3c55f6eb277b083,1280,720,human_verified
emergency_vehicle_priority,Emergency vehicle priority,traffic_control,Clear,Noon,front_frame_00000320,4,evaluation_20260909/emergency_vehicle_priority/noon__clear/front_frame_00000320.png,a8a8bc1c182fb2ece41255887c1d60ce852590bfdf452aad5d093ff3b9a43e1e,1280,720,human_verified
emergency_vehicle_priority,Emergency vehicle priority,traffic_control,Clear,Noon,front_frame_00000340,5,evaluation_20260909/emergency_vehicle_priority/noon__clear/front_frame_00000340.png,ef6428dd1f0939774796c9c31bfb8afad93318bdcd2b6fcea60e850651d34df2,1280,720,human_verified
emergency_vehicle_priority,Emergency vehicle priority,traffic_control,Foggy,Noon,front_frame_00000260,1,evaluation_20260909/emergency_vehicle_priority/noon__foggy/front_frame_00000260.png,ea1574a4bb44aeec8cd6bf99b3293dec4e506e26548835128781aea6cd0787b9,1280,720,human_verified
emergency_vehicle_priority,Emergency vehicle priority,traffic_control,Foggy,Noon,front_frame_00000280,2,evaluation_20260909/emergency_vehicle_priority/noon__foggy/front_frame_00000280.png,f88f3664fd68771f2dc5b5349d87c752d196a82bab718c2052bee4f908e9a512,1280,720,human_verified
emergency_vehicle_priority,Emergency vehicle priority,traffic_control,Foggy,Noon,front_frame_00000300,3,evaluation_20260909/emergency_vehicle_priority/noon__foggy/front_frame_00000300.png,bc50690b1d0da0c6b0a076369af8fb89ff4696e6f607af657c7195f0bdd8b8bf,1280,720,human_verified
emergency_vehicle_priority,Emergency vehicle priority,traffic_control,Foggy,Noon,front_frame_00000320,4,evaluation_20260909/emergency_vehicle_priority/noon__foggy/front_frame_00000320.png,acfac306bb354728f53213942802febf42d736734e45a77423ee2e01f4231ae8,1280,720,human_verified
emergency_vehicle_priority,Emergency vehicle priority,traffic_control,Foggy,Noon,front_frame_00000340,5,evaluation_20260909/emergency_vehicle_priority/noon__foggy/front_frame_00000340.png,0018c728b9a302a51bcb4465a91d117a91c14a0b82d1b1d0c282706a20f11fad,1280,720,human_verified
emergency_vehicle_priority,Emergency vehicle priority,traffic_control,Heavy Rainy,Noon,front_frame_00000260,1,evaluation_20260909/emergency_vehicle_priority/noon__storm/front_frame_00000260.png,4b2e78cc0510bedaba000db08d86ae9ed441489619567b6d9bd3820d9be2bcd8,1280,720,human_verified
emergency_vehicle_priority,Emergency vehicle priority,traffic_control,Heavy Rainy,Noon,front_frame_00000280,2,evaluation_20260909/emergency_vehicle_priority/noon__storm/front_frame_00000280.png,0079d271cb6633c037e06e58629f189d15a8053f6c487ae99e31c7f0cc3fb542,1280,720,human_verified
emergency_vehicle_priority,Emergency vehicle priority,traffic_control,Heavy Rainy,Noon,front_frame_00000300,3,evaluation_20260909/emergency_vehicle_priority/noon__storm/front_frame_00000300.png,8322a2a6e72823de565d31b5b2bdb48f5c253df37d52c168a40fd76ef87e0caf,1280,720,human_verified
emergency_vehicle_priority,Emergency vehicle priority,traffic_control,Heavy Rainy,Noon,front_frame_00000320,4,evaluation_20260909/emergency_vehicle_priority/noon__storm/front_frame_00000320.png,6bfeba0fd7eef57570e307c94727b5044e5e0a2b28ad8f78d4085c5ee3ad3bdc,1280,720,human_verified
emergency_vehicle_priority,Emergency vehicle priority,traffic_control,Heavy Rainy,Noon,front_frame_00000340,5,evaluation_20260909/emergency_vehicle_priority/noon__storm/front_frame_00000340.png,c13839dd41a4c66304d8bf2a6034cccb412fc115ecf1b747715794b6fbb8b61b,1280,720,human_verified
emergency_vehicle_priority,Emergency vehicle priority,traffic_control,Stormy,Noon,front_frame_00000260,1,evaluation_20260909/emergency_vehicle_priority/noon__worst/front_frame_00000260.png,6179c599991c853e9b1e08cdedc532f21be2f65a232b64d73ec77055d60c794b,1280,720,human_verified
emergency_vehicle_priority,Emergency vehicle priority,traffic_control,Stormy,Noon,front_frame_00000280,2,evaluation_20260909/emergency_vehicle_priority/noon__worst/front_frame_00000280.png,0d6c63b3caa71fc0e89800ef96566fcf003a6d0eb688d2532b5a03bb59f25615,1280,720,human_verified
emergency_vehicle_priority,Emergency vehicle priority,traffic_control,Stormy,Noon,front_frame_00000300,3,evaluation_20260909/emergency_vehicle_priority/noon__worst/front_frame_00000300.png,7d9d931e661eadd2372545ffc684cb7e1274abcd813729dcc75750933d02ff90,1280,720,human_verified
emergency_vehicle_priority,Emergency vehicle priority,traffic_control,Stormy,Noon,front_frame_00000320,4,evaluation_20260909/emergency_vehicle_priority/noon__worst/front_frame_00000320.png,b5cfe568f65ff48ce985ba1ddab686bc8b3aeccd4880991cd5ffde120471f7bf,1280,720,human_verified
emergency_vehicle_priority,Emergency vehicle priority,traffic_control,Stormy,Noon,front_frame_00000340,5,evaluation_20260909/emergency_vehicle_priority/noon__worst/front_frame_00000340.png,cd4f90285308397091bbb2c4170abc454af3b22bf34c5d055dafad2bfca79e24,1280,720,human_verified
fallen_power_lines,Fallen power lines,obstruction,Clear,Night,front_frame_00000080,1,evaluation_20260909/fallen_power_lines/night__clear/front_frame_00000080.png,df57bb654aafad4681abd4d8d2d4702697f23308ef6c837351b4e4bf7cc35607,1280,720,human_verified
fallen_power_lines,Fallen power lines,obstruction,Clear,Night,front_frame_00000095,2,evaluation_20260909/fallen_power_lines/night__clear/front_frame_00000095.png,6273377b411bfb8cf261973892b8c39fcc45617410e1c8333f5c581f6cd09fa9,1280,720,human_verified
fallen_power_lines,Fallen power lines,obstruction,Clear,Night,front_frame_00000110,3,evaluation_20260909/fallen_power_lines/night__clear/front_frame_00000110.png,d4e51e3e1099504824c832e07807be80355393e84d4ad8d57af4d48db5c6a67c,1280,720,human_verified
fallen_power_lines,Fallen power lines,obstruction,Clear,Night,front_frame_00000140,4,evaluation_20260909/fallen_power_lines/night__clear/front_frame_00000140.png,9dc3db31d8eb89fb8ccc44e62a51608778c1e58a98650389ec32c9fab88e60c5,1280,720,human_verified
fallen_power_lines,Fallen power lines,obstruction,Clear,Night,front_frame_00000201,5,evaluation_20260909/fallen_power_lines/night__clear/front_frame_00000201.png,37e7ff48d238cedb4e759ba9596cf5ef638eefbcd9275be6ae2ac068926aacd8,1280,720,human_verified
fallen_power_lines,Fallen power lines,obstruction,Foggy,Night,front_frame_00000080,1,evaluation_20260909/fallen_power_lines/night__foggy/front_frame_00000080.png,bfef9a608ace6144208fc2a4d6ea39a53acbddbc66a20a4c740a33eb5861c3f8,1280,720,human_verified
fallen_power_lines,Fallen power lines,obstruction,Foggy,Night,front_frame_00000095,2,evaluation_20260909/fallen_power_lines/night__foggy/front_frame_00000095.png,b363d72f6375522e39b442141267963edac295d93f843db5b7c9725d33f20cf1,1280,720,human_verified
fallen_power_lines,Fallen power lines,obstruction,Foggy,Night,front_frame_00000110,3,evaluation_20260909/fallen_power_lines/night__foggy/front_frame_00000110.png,0fb192c4f7e24b0507e5bebe60834739d9d826d1dc41f7212c9dee07ea335917,1280,720,human_verified
fallen_power_lines,Fallen power lines,obstruction,Foggy,Night,front_frame_00000140,4,evaluation_20260909/fallen_power_lines/night__foggy/front_frame_00000140.png,c12c43bba435c18e5aa67da4bd28ca43a3351ba153bbdc990fc9c257f2e0cf2e,1280,720,human_verified
fallen_power_lines,Fallen power lines,obstruction,Foggy,Night,front_frame_00000201,5,evaluation_20260909/fallen_power_lines/night__foggy/front_frame_00000201.png,f669a839a8645f15450cf7ab789ba010701a415244108b05690f997cf3be824c,1280,720,human_verified
fallen_power_lines,Fallen power lines,obstruction,Heavy Rainy,Night,front_frame_00000080,1,evaluation_20260909/fallen_power_lines/night__storm/front_frame_00000080.png,21c11575a127e4fe9e992aaa1f6e41f563e978f25c6f7e26f2d5efd3f4818172,1280,720,human_verified
fallen_power_lines,Fallen power lines,obstruction,Heavy Rainy,Night,front_frame_00000095,2,evaluation_20260909/fallen_power_lines/night__storm/front_frame_00000095.png,7d80641d38937ac92b228a8bd378fa4b9d26024de423f9035564b6e24c7e0f5d,1280,720,human_verified
fallen_power_lines,Fallen power lines,obstruction,Heavy Rainy,Night,front_frame_00000110,3,evaluation_20260909/fallen_power_lines/night__storm/front_frame_00000110.png,1fbc88c28d0a5c1d1f8f521989919fa227b37a35bc45e2ed0d31b4130a3b83c2,1280,720,human_verified
fallen_power_lines,Fallen power lines,obstruction,Heavy Rainy,Night,front_frame_00000140,4,evaluation_20260909/fallen_power_lines/night__storm/front_frame_00000140.png,a6cb8696f4eed1a3166826af5f77ccdee7103db351823a806647b671a1fa2d9f,1280,720,human_verified
fallen_power_lines,Fallen power lines,obstruction,Heavy Rainy,Night,front_frame_00000201,5,evaluation_20260909/fallen_power_lines/night__storm/front_frame_00000201.png,6bb1bdd75c989c434edf9ba9080ef6909ec12823aa9b65764289bb31daae68d7,1280,720,human_verified
fallen_power_lines,Fallen power lines,obstruction,Stormy,Night,front_frame_00000080,1,evaluation_20260909/fallen_power_lines/night__worst/front_frame_00000080.png,57ea6b2ddf2b5d3948d0639a07559a4130e0dd9608125a3bd787437cf253168a,1280,720,human_verified
fallen_power_lines,Fallen power lines,obstruction,Stormy,Night,front_frame_00000095,2,evaluation_20260909/fallen_power_lines/night__worst/front_frame_00000095.png,14703b917652ec5f5fa41d61e69a8867dbeb82563e030e8e8f040401164dc841,1280,720,human_verified
fallen_power_lines,Fallen power lines,obstruction,Stormy,Night,front_frame_00000110,3,evaluation_20260909/fallen_power_lines/night__worst/front_frame_00000110.png,0faa345a4bb0a75a0346dadb5a81e6056e13047291049555a349a8a7be5ea145,1280,720,human_verified
fallen_power_lines,Fallen power lines,obstruction,Stormy,Night,front_frame_00000140,4,evaluation_20260909/fallen_power_lines/night__worst/front_frame_00000140.png,64992e9e2199ef823f9e913e4a6495ba764b9f77f6b2d61c2029dbc586b4605d,1280,720,human_verified
fallen_power_lines,Fallen power lines,obstruction,Stormy,Night,front_frame_00000201,5,evaluation_20260909/fallen_power_lines/night__worst/front_frame_00000201.png,67eca1e7885ca6451b5627cd44d81844ac135022f4bbbd6481f893a10ff3c549,1280,720,human_verified
fallen_power_lines,Fallen power lines,obstruction,Clear,Noon,front_frame_00000080,1,evaluation_20260909/fallen_power_lines/noon__clear/front_frame_00000080.png,fc9e7f48ed18e869ff1b1ce6a3178be044200c98ee9f1946119095b4bb44f84c,1280,720,human_verified
fallen_power_lines,Fallen power lines,obstruction,Clear,Noon,front_frame_00000095,2,evaluation_20260909/fallen_power_lines/noon__clear/front_frame_00000095.png,b9edb20689026b44df8c5be65caff30eebf81ecff3fbddbc28accb67039b5d10,1280,720,human_verified
fallen_power_lines,Fallen power lines,obstruction,Clear,Noon,front_frame_00000110,3,evaluation_20260909/fallen_power_lines/noon__clear/front_frame_00000110.png,182a92809f69d9584c3d540e887599c517b79103fc1c14fe532db272a693e694,1280,720,human_verified
fallen_power_lines,Fallen power lines,obstruction,Clear,Noon,front_frame_00000140,4,evaluation_20260909/fallen_power_lines/noon__clear/front_frame_00000140.png,608188066e4bdadc1139ea59a4042df3e6015f978a5a3297c6aa487b8a208545,1280,720,human_verified
fallen_power_lines,Fallen power lines,obstruction,Clear,Noon,front_frame_00000201,5,evaluation_20260909/fallen_power_lines/noon__clear/front_frame_00000201.png,2e32be0c85078e5f048c671b223fb2136df2201a50738b77af2355b1f0372db5,1280,720,human_verified
fallen_power_lines,Fallen power lines,obstruction,Foggy,Noon,front_frame_00000080,1,evaluation_20260909/fallen_power_lines/noon__foggy/front_frame_00000080.png,28a9fdfc70ec7bfc6b319cdc61b63075f7a60d12a76a8733db8a8f9a2630416b,1280,720,human_verified
fallen_power_lines,Fallen power lines,obstruction,Foggy,Noon,front_frame_00000095,2,evaluation_20260909/fallen_power_lines/noon__foggy/front_frame_00000095.png,da40bcf40e7824199f0d9e9addeae4fe754c07a01e532473760f5cccc541825c,1280,720,human_verified
fallen_power_lines,Fallen power lines,obstruction,Foggy,Noon,front_frame_00000110,3,evaluation_20260909/fallen_power_lines/noon__foggy/front_frame_00000110.png,64a0e153ca0a8cdf7a4f4a6d7088b56830cf63681d48bbf0c60b979804daa677,1280,720,human_verified
fallen_power_lines,Fallen power lines,obstruction,Foggy,Noon,front_frame_00000140,4,evaluation_20260909/fallen_power_lines/noon__foggy/front_frame_00000140.png,49db1da04b198ea1e8cb04afda6f5acaa7d08db3da36cca9fd40208ddb3c1df9,1280,720,human_verified
fallen_power_lines,Fallen power lines,obstruction,Foggy,Noon,front_frame_00000201,5,evaluation_20260909/fallen_power_lines/noon__foggy/front_frame_00000201.png,52720b019ed791df1704d3a971cde8145b2aae1945b2ff2e6d0b9125c5699f2c,1280,720,human_verified
fallen_power_lines,Fallen power lines,obstruction,Heavy Rainy,Noon,front_frame_00000080,1,evaluation_20260909/fallen_power_lines/noon__storm/front_frame_00000080.png,2871e5bd39579848511f38de07918c05819dca851455962225167950a5c1dc27,1280,720,human_verified
fallen_power_lines,Fallen power lines,obstruction,Heavy Rainy,Noon,front_frame_00000095,2,evaluation_20260909/fallen_power_lines/noon__storm/front_frame_00000095.png,16769c586a2d5c437b6fde14edb93bb06f60dca37e7292ba6652f5035e12692d,1280,720,human_verified
fallen_power_lines,Fallen power lines,obstruction,Heavy Rainy,Noon,front_frame_00000110,3,evaluation_20260909/fallen_power_lines/noon__storm/front_frame_00000110.png,5b5b4b44f80f346110b3851addb5af9b44a45a0922a8df58a3778d699c39bdb5,1280,720,human_verified
fallen_power_lines,Fallen power lines,obstruction,Heavy Rainy,Noon,front_frame_00000140,4,evaluation_20260909/fallen_power_lines/noon__storm/front_frame_00000140.png,027eda9a47f5995bdb0557d22cb16c831fab59a5ded362329b205f40dcf7a5dd,1280,720,human_verified
fallen_power_lines,Fallen power lines,obstruction,Heavy Rainy,Noon,front_frame_00000201,5,evaluation_20260909/fallen_power_lines/noon__storm/front_frame_00000201.png,eb01eea7df41ed50db8136883070dbaf6d9af869b336c655f1a025b2444e1fc7,1280,720,human_verified
fallen_power_lines,Fallen power lines,obstruction,Stormy,Noon,front_frame_00000080,1,evaluation_20260909/fallen_power_lines/noon__worst/front_frame_00000080.png,f95e81a03f6a9bf102bb6812c6b1ab1f7cc33a8f261a617148ca80f67c32f8e5,1280,720,human_verified
fallen_power_lines,Fallen power lines,obstruction,Stormy,Noon,front_frame_00000095,2,evaluation_20260909/fallen_power_lines/noon__worst/front_frame_00000095.png,4aa7c81497a957ff90740c3c0888c7abc8d820e558794ad2353d3345c9b4c25e,1280,720,human_verified
fallen_power_lines,Fallen power lines,obstruction,Stormy,Noon,front_frame_00000110,3,evaluation_20260909/fallen_power_lines/noon__worst/front_frame_00000110.png,e833d0bbf03ea90e713133a7072d111e6a5cba3e95d0900d4ad4fe62aa19d44b,1280,720,human_verified
fallen_power_lines,Fallen power lines,obstruction,Stormy,Noon,front_frame_00000140,4,evaluation_20260909/fallen_power_lines/noon__worst/front_frame_00000140.png,1c0d1fa92516cec1674ec8059393122b68e70d312ca55fad8d1e4baa91f77f5f,1280,720,human_verified
fallen_power_lines,Fallen power lines,obstruction,Stormy,Noon,front_frame_00000201,5,evaluation_20260909/fallen_power_lines/noon__worst/front_frame_00000201.png,2451b20dd526445b418041dad6b949c443a742c93d22c567e71166f3152638c6,1280,720,human_verified
flash_floods,Flash flood,environmental,Clear,Night,front_frame_00000040,1,evaluation_20260909/flash_floods/night__clear/front_frame_00000040.png,8e01009fb3997bc1c8c66dfbe169fdc0fd489e2228fe8f2e06c4bcd19276a201,1280,720,human_verified
flash_floods,Flash flood,environmental,Clear,Night,front_frame_00000120,2,evaluation_20260909/flash_floods/night__clear/front_frame_00000120.png,501b098e5a35d59a0037ec670d4acf7548848c430418f0e1b9802ba7f7f45299,1280,720,human_verified
flash_floods,Flash flood,environmental,Clear,Night,front_frame_00000180,3,evaluation_20260909/flash_floods/night__clear/front_frame_00000180.png,c96de140f309256c6ade7d317cab264c7901861362d46fe7e205271378f19dc0,1280,720,human_verified
flash_floods,Flash flood,environmental,Clear,Night,front_frame_00000240,4,evaluation_20260909/flash_floods/night__clear/front_frame_00000240.png,e40dd4a83858a0ec1d491811aee2aa30170010c1ade957273e3e62bdcb9284e1,1280,720,human_verified
flash_floods,Flash flood,environmental,Clear,Night,front_frame_00000340,5,evaluation_20260909/flash_floods/night__clear/front_frame_00000340.png,7c4d78e9b5e937983d02fa0884a2a52d6ebcfc8040c3b34ab5a0f7316e1be06f,1280,720,human_verified
flash_floods,Flash flood,environmental,Foggy,Night,front_frame_00000040,1,evaluation_20260909/flash_floods/night__foggy/front_frame_00000040.png,5deedff80765e2778d509a0573cb35798065ed9cf8618dfa7a2b0d1310e55300,1280,720,human_verified
flash_floods,Flash flood,environmental,Foggy,Night,front_frame_00000120,2,evaluation_20260909/flash_floods/night__foggy/front_frame_00000120.png,f6a5575d0c547e8a1cbd846018154dfe148b99b2f06bca13f4339d86a7791572,1280,720,human_verified
flash_floods,Flash flood,environmental,Foggy,Night,front_frame_00000180,3,evaluation_20260909/flash_floods/night__foggy/front_frame_00000180.png,77ce466ecade202624978c35ab616b77902e6ba7eabf49fd925da8ac8df0c9c0,1280,720,human_verified
flash_floods,Flash flood,environmental,Foggy,Night,front_frame_00000240,4,evaluation_20260909/flash_floods/night__foggy/front_frame_00000240.png,80665180c247f4d065a5e057121ac51962f49dccbfd8d246bb97dbb6cd1d5d73,1280,720,human_verified
flash_floods,Flash flood,environmental,Foggy,Night,front_frame_00000340,5,evaluation_20260909/flash_floods/night__foggy/front_frame_00000340.png,13e135125f13bae8e062996fb90637d216dad4f14633cba6586648b247803877,1280,720,human_verified
flash_floods,Flash flood,environmental,Heavy Rainy,Night,front_frame_00000040,1,evaluation_20260909/flash_floods/night__storm/front_frame_00000040.png,ed32254af03d08be757773990c28ae62f5ff099c05117df0526875c19048c899,1280,720,human_verified
flash_floods,Flash flood,environmental,Heavy Rainy,Night,front_frame_00000120,2,evaluation_20260909/flash_floods/night__storm/front_frame_00000120.png,b57039a668b3c1cbb677f5cf440ec695ac5a5a439598dcc733043851d74c6c14,1280,720,human_verified
flash_floods,Flash flood,environmental,Heavy Rainy,Night,front_frame_00000180,3,evaluation_20260909/flash_floods/night__storm/front_frame_00000180.png,def26211c4f1d2c0c5e0d5dc540f2259eb4d8db6206fbd32812b09c9ef3805ab,1280,720,human_verified
flash_floods,Flash flood,environmental,Heavy Rainy,Night,front_frame_00000240,4,evaluation_20260909/flash_floods/night__storm/front_frame_00000240.png,029a4a45dbbd67d4d4d57c7cb37b0c653e018e895666b18bc65a57d6ad95c4bb,1280,720,human_verified
flash_floods,Flash flood,environmental,Heavy Rainy,Night,front_frame_00000340,5,evaluation_20260909/flash_floods/night__storm/front_frame_00000340.png,b6ebe2101aaf0c51e7a26f15f56f0852b1fc40dba463b4d58e9eb1225439817f,1280,720,human_verified
flash_floods,Flash flood,environmental,Stormy,Night,front_frame_00000040,1,evaluation_20260909/flash_floods/night__worst/front_frame_00000040.png,86a7f7d6ae126c85ac0a23041b72220a06af8d5581e44fac12a2d10165eb2d94,1280,720,human_verified
flash_floods,Flash flood,environmental,Stormy,Night,front_frame_00000120,2,evaluation_20260909/flash_floods/night__worst/front_frame_00000120.png,0e57a89d3dfa42100bc675bd02ad15a0346aab5c6115ec7bb25b281dc04813b2,1280,720,human_verified
flash_floods,Flash flood,environmental,Stormy,Night,front_frame_00000180,3,evaluation_20260909/flash_floods/night__worst/front_frame_00000180.png,575f9df9477ade88bb8f05f3e28e796486275ac0b23df44584e46974b0e68cbc,1280,720,human_verified
flash_floods,Flash flood,environmental,Stormy,Night,front_frame_00000240,4,evaluation_20260909/flash_floods/night__worst/front_frame_00000240.png,182e95b1b601c5e772194dbc7550a0d6f3740fea62a381bc5890610b9cc7f9a2,1280,720,human_verified
flash_floods,Flash flood,environmental,Stormy,Night,front_frame_00000340,5,evaluation_20260909/flash_floods/night__worst/front_frame_00000340.png,2bb20dcc80433bb961fc464ca8447bc3e30fda9fba660c49c99377a14b26ae18,1280,720,human_verified
flash_floods,Flash flood,environmental,Clear,Noon,front_frame_00000040,1,evaluation_20260909/flash_floods/noon__clear/front_frame_00000040.png,17525f1808c7d414d2832d67d31a1e48f685e0638df968c838689eaf160d2079,1280,720,human_verified
flash_floods,Flash flood,environmental,Clear,Noon,front_frame_00000120,2,evaluation_20260909/flash_floods/noon__clear/front_frame_00000120.png,7b252e74102ae001653bc898b457a3d20872cbd557cdc2b1250c64ce19f04748,1280,720,human_verified
flash_floods,Flash flood,environmental,Clear,Noon,front_frame_00000180,3,evaluation_20260909/flash_floods/noon__clear/front_frame_00000180.png,58e025f8ce44bd2816ee0a6ee695b4fab91da994117282b7b01c4cae0af22d0c,1280,720,human_verified
flash_floods,Flash flood,environmental,Clear,Noon,front_frame_00000240,4,evaluation_20260909/flash_floods/noon__clear/front_frame_00000240.png,29fabe6d6ef28e0b740d6685eaf986760792a716bad833a858bad3f11e34cbd1,1280,720,human_verified
flash_floods,Flash flood,environmental,Clear,Noon,front_frame_00000340,5,evaluation_20260909/flash_floods/noon__clear/front_frame_00000340.png,4435c1638214cdbfbd44cf67f3350ea93d29b7151b5a0ec73c6e52ab30a145c3,1280,720,human_verified
flash_floods,Flash flood,environmental,Foggy,Noon,front_frame_00000040,1,evaluation_20260909/flash_floods/noon__foggy/front_frame_00000040.png,671adb1b432df06bd95776442447123efd4184f4eda9a732d64e6858ae2e3369,1280,720,human_verified
flash_floods,Flash flood,environmental,Foggy,Noon,front_frame_00000120,2,evaluation_20260909/flash_floods/noon__foggy/front_frame_00000120.png,1b6b86997f0a5fb41429ca9d455494c9916b3cfd954ea10c56285e9eb157f057,1280,720,human_verified
flash_floods,Flash flood,environmental,Foggy,Noon,front_frame_00000180,3,evaluation_20260909/flash_floods/noon__foggy/front_frame_00000180.png,270d4b9adb02c274ee46442b1dc5492b179abbb76d4333107e6977cd9a25beda,1280,720,human_verified
flash_floods,Flash flood,environmental,Foggy,Noon,front_frame_00000240,4,evaluation_20260909/flash_floods/noon__foggy/front_frame_00000240.png,a6c965b8bece378eb20e450b99db452271eae9069f6eb1d4bec6eab18125ea1a,1280,720,human_verified
flash_floods,Flash flood,environmental,Foggy,Noon,front_frame_00000340,5,evaluation_20260909/flash_floods/noon__foggy/front_frame_00000340.png,6534d70b3a0784dc63dee12b1a88213b2509eb01964a98842cdc9890a84affcd,1280,720,human_verified
flash_floods,Flash flood,environmental,Heavy Rainy,Noon,front_frame_00000040,1,evaluation_20260909/flash_floods/noon__storm/front_frame_00000040.png,3e0880dc7920497b88056bca3d85c4d25b5410df29d3865a6070282a7dc82c05,1280,720,human_verified
flash_floods,Flash flood,environmental,Heavy Rainy,Noon,front_frame_00000120,2,evaluation_20260909/flash_floods/noon__storm/front_frame_00000120.png,7bcb0f303a50b59d209f630f2be01e3a252bb0ec534d609367486934b5fb85db,1280,720,human_verified
flash_floods,Flash flood,environmental,Heavy Rainy,Noon,front_frame_00000180,3,evaluation_20260909/flash_floods/noon__storm/front_frame_00000180.png,f817d498791288689c8819256d10753f4e3c8bff85619819f8daee7a0d3736ec,1280,720,human_verified
flash_floods,Flash flood,environmental,Heavy Rainy,Noon,front_frame_00000240,4,evaluation_20260909/flash_floods/noon__storm/front_frame_00000240.png,7ab76d9954c2d7b390b23928909578c253f0b9102460f57c2ce887354f5d6c0d,1280,720,human_verified
flash_floods,Flash flood,environmental,Heavy Rainy,Noon,front_frame_00000340,5,evaluation_20260909/flash_floods/noon__storm/front_frame_00000340.png,96be0ea69c636883d9d540deeb412697eb701b0186dceaa23bd631c507a3c0fb,1280,720,human_verified
flash_floods,Flash flood,environmental,Stormy,Noon,front_frame_00000040,1,evaluation_20260909/flash_floods/noon__worst/front_frame_00000040.png,580376d9e65b949fe482552137bdd30d8c81b9e55f5a976385b51aaf050bae71,1280,720,human_verified
flash_floods,Flash flood,environmental,Stormy,Noon,front_frame_00000120,2,evaluation_20260909/flash_floods/noon__worst/front_frame_00000120.png,5bf330eacdacfdaca9ec3592d1a588040e5591d4b9ec3132e2c8ac896417f40e,1280,720,human_verified
flash_floods,Flash flood,environmental,Stormy,Noon,front_frame_00000180,3,evaluation_20260909/flash_floods/noon__worst/front_frame_00000180.png,f2eeaf6aa23293796bb8867bc00f04ae31ee549b2f6f2b6e28e574affa246028,1280,720,human_verified
flash_floods,Flash flood,environmental,Stormy,Noon,front_frame_00000240,4,evaluation_20260909/flash_floods/noon__worst/front_frame_00000240.png,a144f930978bc11a0f499af83ae07f50752e27b2c1687fe2839adcbc15fd994f,1280,720,human_verified
flash_floods,Flash flood,environmental,Stormy,Noon,front_frame_00000340,5,evaluation_20260909/flash_floods/noon__worst/front_frame_00000340.png,005c0058c6e9e11000969a6dee2dc9c7dbe0881e866fa853b6135c166d6dc78c,1280,720,human_verified
floating_rocks_on_the_road,Landslide rocks on the road,obstruction,Clear,Night,front_frame_00000001,1,evaluation_20260909/floating_rocks_on_the_road/night__clear/front_frame_00000001.png,febf136b8a5134076596f24d5f5b8ed84bf84adef20c60ca1a7aecbe12ddbeb6,1280,720,human_verified
floating_rocks_on_the_road,Landslide rocks on the road,obstruction,Clear,Night,front_frame_00000015,2,evaluation_20260909/floating_rocks_on_the_road/night__clear/front_frame_00000015.png,0cc7dc70a7a8e2c71cb88803c8f859ef0d6d7b298a2097bf70dcaa15ef995388,1280,720,human_verified
floating_rocks_on_the_road,Landslide rocks on the road,obstruction,Clear,Night,front_frame_00000030,3,evaluation_20260909/floating_rocks_on_the_road/night__clear/front_frame_00000030.png,ba9cacc944a9d01c34e621307649ec5ade62fa0e918703a5705fe0c2d0a5060b,1280,720,human_verified
floating_rocks_on_the_road,Landslide rocks on the road,obstruction,Clear,Night,front_frame_00000045,4,evaluation_20260909/floating_rocks_on_the_road/night__clear/front_frame_00000045.png,6fa99880325cbf5a143812180aa0a9c4c26333b71723eaeb999ae5873e36b9c3,1280,720,human_verified
floating_rocks_on_the_road,Landslide rocks on the road,obstruction,Clear,Night,front_frame_00000060,5,evaluation_20260909/floating_rocks_on_the_road/night__clear/front_frame_00000060.png,5fb04504595c60c93de3147f7dba00611a8856ca1f5b03042388c6fd9f93ec9f,1280,720,human_verified
floating_rocks_on_the_road,Landslide rocks on the road,obstruction,Foggy,Night,front_frame_00000001,1,evaluation_20260909/floating_rocks_on_the_road/night__foggy/front_frame_00000001.png,bde063904def4b0097840832e90445ab487f47526c1882d709f86bad4452ae09,1280,720,human_verified
floating_rocks_on_the_road,Landslide rocks on the road,obstruction,Foggy,Night,front_frame_00000015,2,evaluation_20260909/floating_rocks_on_the_road/night__foggy/front_frame_00000015.png,0452fba2c668117900a4d9dde1014012b2c20e7680fde723bf97c6364ecf5381,1280,720,human_verified
floating_rocks_on_the_road,Landslide rocks on the road,obstruction,Foggy,Night,front_frame_00000030,3,evaluation_20260909/floating_rocks_on_the_road/night__foggy/front_frame_00000030.png,9edcc200c92355c6a34ba2248682d67e8b80c2793c6d1484e55e72962e1777fc,1280,720,human_verified
floating_rocks_on_the_road,Landslide rocks on the road,obstruction,Foggy,Night,front_frame_00000045,4,evaluation_20260909/floating_rocks_on_the_road/night__foggy/front_frame_00000045.png,700677753424c37f8b8792eadf2fdd79bc31a03c1980d3fa4aa088201ad05edb,1280,720,human_verified
floating_rocks_on_the_road,Landslide rocks on the road,obstruction,Foggy,Night,front_frame_00000060,5,evaluation_20260909/floating_rocks_on_the_road/night__foggy/front_frame_00000060.png,110708a41ff8c1ee390608582c04c4aa59633efa1294fffbf823bf4685250a1b,1280,720,human_verified
floating_rocks_on_the_road,Landslide rocks on the road,obstruction,Heavy Rainy,Night,front_frame_00000001,1,evaluation_20260909/floating_rocks_on_the_road/night__storm/front_frame_00000001.png,32830ad386a7e139cd256f5c5dcb72c7ade0371107d6e9ab65ac5d38eef814f9,1280,720,human_verified
floating_rocks_on_the_road,Landslide rocks on the road,obstruction,Heavy Rainy,Night,front_frame_00000015,2,evaluation_20260909/floating_rocks_on_the_road/night__storm/front_frame_00000015.png,b2dc10a361cc512399f63adf902b58ce23f388647f42988f7b1d851e8bbc07e1,1280,720,human_verified
floating_rocks_on_the_road,Landslide rocks on the road,obstruction,Heavy Rainy,Night,front_frame_00000030,3,evaluation_20260909/floating_rocks_on_the_road/night__storm/front_frame_00000030.png,f4df1b03df866bd9b6b671653de5d31ecb235a89eb582fa29ca0f430c22b043f,1280,720,human_verified
floating_rocks_on_the_road,Landslide rocks on the road,obstruction,Heavy Rainy,Night,front_frame_00000045,4,evaluation_20260909/floating_rocks_on_the_road/night__storm/front_frame_00000045.png,368f8f206d255668b01b5573146bad47eb19dcbbf24ff02631ec606b31355d83,1280,720,human_verified
floating_rocks_on_the_road,Landslide rocks on the road,obstruction,Heavy Rainy,Night,front_frame_00000060,5,evaluation_20260909/floating_rocks_on_the_road/night__storm/front_frame_00000060.png,376afeca1d075ca4834d3da288a83ac7547c60213cf2a97174325a5984003200,1280,720,human_verified
floating_rocks_on_the_road,Landslide rocks on the road,obstruction,Stormy,Night,front_frame_00000001,1,evaluation_20260909/floating_rocks_on_the_road/night__worst/front_frame_00000001.png,3d4ad2547a6dd22bdba7f1d9e99ad9960f3cec9ddad9b629fbf9f6f100e3429a,1280,720,human_verified
floating_rocks_on_the_road,Landslide rocks on the road,obstruction,Stormy,Night,front_frame_00000015,2,evaluation_20260909/floating_rocks_on_the_road/night__worst/front_frame_00000015.png,7e171d1f1e6d12d99eed92c22c2185f96cd1a82ad442ba1f3f28d524f9af8db8,1280,720,human_verified
floating_rocks_on_the_road,Landslide rocks on the road,obstruction,Stormy,Night,front_frame_00000030,3,evaluation_20260909/floating_rocks_on_the_road/night__worst/front_frame_00000030.png,2d3244e80b7978b3347f0f554e66b9adedd2fd61ad3027340b9d53126892e843,1280,720,human_verified
floating_rocks_on_the_road,Landslide rocks on the road,obstruction,Stormy,Night,front_frame_00000045,4,evaluation_20260909/floating_rocks_on_the_road/night__worst/front_frame_00000045.png,f4962e19013693b7340b147bc488d97719eed2e6166066014a0e978f14a3166e,1280,720,human_verified
floating_rocks_on_the_road,Landslide rocks on the road,obstruction,Stormy,Night,front_frame_00000060,5,evaluation_20260909/floating_rocks_on_the_road/night__worst/front_frame_00000060.png,6db96b02a8648babeb62333471e454f848f4f6f8eb9298901bebb671dd2878a4,1280,720,human_verified
floating_rocks_on_the_road,Landslide rocks on the road,obstruction,Clear,Noon,front_frame_00000001,1,evaluation_20260909/floating_rocks_on_the_road/noon__clear/front_frame_00000001.png,c94211937c9181772db740fcf5e051617a1c4ea2452526b437e286ff82d838e8,1280,720,human_verified
floating_rocks_on_the_road,Landslide rocks on the road,obstruction,Clear,Noon,front_frame_00000015,2,evaluation_20260909/floating_rocks_on_the_road/noon__clear/front_frame_00000015.png,dc386ee15f6579923c22f45e97100bab58b0dcc7266f98538cd9df075f2c9627,1280,720,human_verified
floating_rocks_on_the_road,Landslide rocks on the road,obstruction,Clear,Noon,front_frame_00000030,3,evaluation_20260909/floating_rocks_on_the_road/noon__clear/front_frame_00000030.png,89294eb7e7577ea502cd06ee79f4231bb3c96ef81b1b258abb6cf582ae3d9830,1280,720,human_verified
floating_rocks_on_the_road,Landslide rocks on the road,obstruction,Clear,Noon,front_frame_00000045,4,evaluation_20260909/floating_rocks_on_the_road/noon__clear/front_frame_00000045.png,340661d446f778aa98e77fad0e78b8c7eb11cafe586d82c488c73bf0e31fb882,1280,720,human_verified
floating_rocks_on_the_road,Landslide rocks on the road,obstruction,Clear,Noon,front_frame_00000060,5,evaluation_20260909/floating_rocks_on_the_road/noon__clear/front_frame_00000060.png,3f5c3f78f9c4e7276663c12e030e75104ae76e29360682558b3b9e833b001128,1280,720,human_verified
floating_rocks_on_the_road,Landslide rocks on the road,obstruction,Foggy,Noon,front_frame_00000001,1,evaluation_20260909/floating_rocks_on_the_road/noon__foggy/front_frame_00000001.png,b1fd9b180f4fa11b9cba548528068a3858a666e250e196e93cf518e42699e6e6,1280,720,human_verified
floating_rocks_on_the_road,Landslide rocks on the road,obstruction,Foggy,Noon,front_frame_00000015,2,evaluation_20260909/floating_rocks_on_the_road/noon__foggy/front_frame_00000015.png,090e62938f0cc79690103daedf9d0765f24ef8918ee63eeeb7af6bfec78a333b,1280,720,human_verified
floating_rocks_on_the_road,Landslide rocks on the road,obstruction,Foggy,Noon,front_frame_00000030,3,evaluation_20260909/floating_rocks_on_the_road/noon__foggy/front_frame_00000030.png,383e2157550a8671552453f3e6974306092f4268cd4b9935cb6ed77a2f2db4f3,1280,720,human_verified
floating_rocks_on_the_road,Landslide rocks on the road,obstruction,Foggy,Noon,front_frame_00000045,4,evaluation_20260909/floating_rocks_on_the_road/noon__foggy/front_frame_00000045.png,e134d40f6230bb287d6ce18fd0124b6f74b3d991c52e63e800b68cd8375dc33a,1280,720,human_verified
floating_rocks_on_the_road,Landslide rocks on the road,obstruction,Foggy,Noon,front_frame_00000060,5,evaluation_20260909/floating_rocks_on_the_road/noon__foggy/front_frame_00000060.png,65c26fdf678aca50319451a544715e2e82234543b2155d3807f1ac0cc1175efd,1280,720,human_verified
floating_rocks_on_the_road,Landslide rocks on the road,obstruction,Heavy Rainy,Noon,front_frame_00000001,1,evaluation_20260909/floating_rocks_on_the_road/noon__storm/front_frame_00000001.png,f88a5fe7b50a6ae9f29a19b9c4ba4dc888465e20274a1504206e6ca133f33cda,1280,720,human_verified
floating_rocks_on_the_road,Landslide rocks on the road,obstruction,Heavy Rainy,Noon,front_frame_00000015,2,evaluation_20260909/floating_rocks_on_the_road/noon__storm/front_frame_00000015.png,f89a0ce5df36109bf6e3e1c97b0cb835663cf7820e63354669752d00f3c1ddee,1280,720,human_verified
floating_rocks_on_the_road,Landslide rocks on the road,obstruction,Heavy Rainy,Noon,front_frame_00000030,3,evaluation_20260909/floating_rocks_on_the_road/noon__storm/front_frame_00000030.png,cf1d23602329a0b4449658112e2557e470afc7e21633ad8084f013aaf2c32079,1280,720,human_verified
floating_rocks_on_the_road,Landslide rocks on the road,obstruction,Heavy Rainy,Noon,front_frame_00000045,4,evaluation_20260909/floating_rocks_on_the_road/noon__storm/front_frame_00000045.png,a0e7ea2189a0c5bfb77958c42245536cb047100ccac8b07f0d8ad5a86625e994,1280,720,human_verified
floating_rocks_on_the_road,Landslide rocks on the road,obstruction,Heavy Rainy,Noon,front_frame_00000060,5,evaluation_20260909/floating_rocks_on_the_road/noon__storm/front_frame_00000060.png,02247cd76789c5ac475f086b529cb5dad75ded032e4fb3313641cf9c17324ef4,1280,720,human_verified
floating_rocks_on_the_road,Landslide rocks on the road,obstruction,Stormy,Noon,front_frame_00000001,1,evaluation_20260909/floating_rocks_on_the_road/noon__worst/front_frame_00000001.png,08405b9e573b8efee32f7c6dac7da27c4559ce1f0660daa66804e06b0fd6d81f,1280,720,human_verified
floating_rocks_on_the_road,Landslide rocks on the road,obstruction,Stormy,Noon,front_frame_00000015,2,evaluation_20260909/floating_rocks_on_the_road/noon__worst/front_frame_00000015.png,d088bfb21103fc5e4c0689dd84e1408dcf042402126296a4edf73ac9e0d9e81c,1280,720,human_verified
floating_rocks_on_the_road,Landslide rocks on the road,obstruction,Stormy,Noon,front_frame_00000030,3,evaluation_20260909/floating_rocks_on_the_road/noon__worst/front_frame_00000030.png,2f158936bcd0381b0dab7385d7697eeeff4ceaeca788e85d58d6fa9a3ce5541d,1280,720,human_verified
floating_rocks_on_the_road,Landslide rocks on the road,obstruction,Stormy,Noon,front_frame_00000045,4,evaluation_20260909/floating_rocks_on_the_road/noon__worst/front_frame_00000045.png,e6076d4a5cde9b75fb16eb89ad215ac1df11c699cbb9417ae2637931caff994f,1280,720,human_verified
floating_rocks_on_the_road,Landslide rocks on the road,obstruction,Stormy,Noon,front_frame_00000060,5,evaluation_20260909/floating_rocks_on_the_road/noon__worst/front_frame_00000060.png,f1d2065fc860a186482b4c3fddd2fd302497b6bf5de175cb457d5c81bdb5a9b6,1280,720,human_verified
floating_traffic_cones,Flying traffic cones,dynamic_object,Clear,Night,front_frame_00000060,1,evaluation_20260909/floating_traffic_cones/night__clear/front_frame_00000060.png,7a4e647f1f82d5a7aaf0d67cb0010b3956e0be91ad06f2138864ff475d9d3cba,1280,720,human_verified
floating_traffic_cones,Flying traffic cones,dynamic_object,Clear,Night,front_frame_00000080,2,evaluation_20260909/floating_traffic_cones/night__clear/front_frame_00000080.png,f77d9dfb5472aff7d2cbd03767f4348f5d323f3dabe0f1b3dae97c8f5379b5f4,1280,720,human_verified
floating_traffic_cones,Flying traffic cones,dynamic_object,Clear,Night,front_frame_00000100,3,evaluation_20260909/floating_traffic_cones/night__clear/front_frame_00000100.png,0ea86b57a4901dd680cafe0843a02eef5f262bfbbad72d3aee1ae33d8a942045,1280,720,human_verified
floating_traffic_cones,Flying traffic cones,dynamic_object,Clear,Night,front_frame_00000120,4,evaluation_20260909/floating_traffic_cones/night__clear/front_frame_00000120.png,7697a6d6e10e2d32a5231e6774d91a5c0b087a94b71711aaffaaa30843f97c86,1280,720,human_verified
floating_traffic_cones,Flying traffic cones,dynamic_object,Clear,Night,front_frame_00000140,5,evaluation_20260909/floating_traffic_cones/night__clear/front_frame_00000140.png,30b33cf648a97332d0d19385b2932229ed004815521fd9f8f9b00132508ed1b1,1280,720,human_verified
floating_traffic_cones,Flying traffic cones,dynamic_object,Foggy,Night,front_frame_00000060,1,evaluation_20260909/floating_traffic_cones/night__foggy/front_frame_00000060.png,99e22e4e9c514258314a958453aecf459ac4e2db90733183844bdf5c9ccd76c0,1280,720,human_verified
floating_traffic_cones,Flying traffic cones,dynamic_object,Foggy,Night,front_frame_00000080,2,evaluation_20260909/floating_traffic_cones/night__foggy/front_frame_00000080.png,f5869ccede52dda46013811dcebeb69c5f37a7285761edd55040e17292bffd21,1280,720,human_verified
floating_traffic_cones,Flying traffic cones,dynamic_object,Foggy,Night,front_frame_00000100,3,evaluation_20260909/floating_traffic_cones/night__foggy/front_frame_00000100.png,d75c8a540ee86a28734775b33de5ef65d4dea83c5368a5f704f095c65e3f10f6,1280,720,human_verified
floating_traffic_cones,Flying traffic cones,dynamic_object,Foggy,Night,front_frame_00000120,4,evaluation_20260909/floating_traffic_cones/night__foggy/front_frame_00000120.png,866961a871aac80977229942ff03e4a4f9d54c03f46407090745b5660d5ac125,1280,720,human_verified
floating_traffic_cones,Flying traffic cones,dynamic_object,Foggy,Night,front_frame_00000140,5,evaluation_20260909/floating_traffic_cones/night__foggy/front_frame_00000140.png,6bc731947e9b2711691bd3cde383e11636bd2b11132485cc75cc14de2c7cf2f3,1280,720,human_verified
floating_traffic_cones,Flying traffic cones,dynamic_object,Heavy Rainy,Night,front_frame_00000060,1,evaluation_20260909/floating_traffic_cones/night__storm/front_frame_00000060.png,57c0d7b1bb81638ed8e32f3fa46af078963d0c16cfb0c9f54d1edbd7b891ed3d,1280,720,human_verified
floating_traffic_cones,Flying traffic cones,dynamic_object,Heavy Rainy,Night,front_frame_00000080,2,evaluation_20260909/floating_traffic_cones/night__storm/front_frame_00000080.png,1a66e8d93c1667eb7911dd49765974ff22b0a4673af873a8c6f9138a0202e493,1280,720,human_verified
floating_traffic_cones,Flying traffic cones,dynamic_object,Heavy Rainy,Night,front_frame_00000100,3,evaluation_20260909/floating_traffic_cones/night__storm/front_frame_00000100.png,49e6687887c6f455f68043f3fa6ecd8c904ff5c064bc59aed570af3575111a02,1280,720,human_verified
floating_traffic_cones,Flying traffic cones,dynamic_object,Heavy Rainy,Night,front_frame_00000120,4,evaluation_20260909/floating_traffic_cones/night__storm/front_frame_00000120.png,2886c32f542e6e8be63eee4ab5c868a84a89105f36f5754a2377af31a006ef9d,1280,720,human_verified
floating_traffic_cones,Flying traffic cones,dynamic_object,Heavy Rainy,Night,front_frame_00000140,5,evaluation_20260909/floating_traffic_cones/night__storm/front_frame_00000140.png,e766789d29e76aac6968a0d2b596f4fe14c6dbeb09de1dd53ee20aa4ce07abfb,1280,720,human_verified
floating_traffic_cones,Flying traffic cones,dynamic_object,Stormy,Night,front_frame_00000060,1,evaluation_20260909/floating_traffic_cones/night__worst/front_frame_00000060.png,b52a9bd8ed5d17b2e0a8a5f4d67b7c516b4b6fdfb40cb60a67a92f19f2306b5d,1280,720,human_verified
floating_traffic_cones,Flying traffic cones,dynamic_object,Stormy,Night,front_frame_00000080,2,evaluation_20260909/floating_traffic_cones/night__worst/front_frame_00000080.png,f9a230c85a497b87182ee4ac8fa11c9af97c487c67b69f0dc4d5a757102e2e3c,1280,720,human_verified
floating_traffic_cones,Flying traffic cones,dynamic_object,Stormy,Night,front_frame_00000100,3,evaluation_20260909/floating_traffic_cones/night__worst/front_frame_00000100.png,3d93719d75683d49ad333940569d4d17db59249ef20fc6bfb29161b0cc103124,1280,720,human_verified
floating_traffic_cones,Flying traffic cones,dynamic_object,Stormy,Night,front_frame_00000120,4,evaluation_20260909/floating_traffic_cones/night__worst/front_frame_00000120.png,a67a1775ca21c7852b6dc24e302306b52f8ccd95fbcfd213da51c1f067c71203,1280,720,human_verified
floating_traffic_cones,Flying traffic cones,dynamic_object,Stormy,Night,front_frame_00000140,5,evaluation_20260909/floating_traffic_cones/night__worst/front_frame_00000140.png,e6daa771c40563e8b7a12158b2d636b688d18fad4d0ca2d57173ff7aba613391,1280,720,human_verified
floating_traffic_cones,Flying traffic cones,dynamic_object,Clear,Noon,front_frame_00000060,1,evaluation_20260909/floating_traffic_cones/noon__clear/front_frame_00000060.png,6f4f618776642e311cc2dda67f9f41d702f0fd84b55725a40f964a64cb93a81d,1280,720,human_verified
floating_traffic_cones,Flying traffic cones,dynamic_object,Clear,Noon,front_frame_00000080,2,evaluation_20260909/floating_traffic_cones/noon__clear/front_frame_00000080.png,9e72197d831e93d08b89cffe52696f89749c2a9c6a7e61e96d8d907a1c2fed0e,1280,720,human_verified
floating_traffic_cones,Flying traffic cones,dynamic_object,Clear,Noon,front_frame_00000100,3,evaluation_20260909/floating_traffic_cones/noon__clear/front_frame_00000100.png,594ef01c5a0aae035b43c82cd0d06a4ec34e2611de974452553d0f42413900f5,1280,720,human_verified
floating_traffic_cones,Flying traffic cones,dynamic_object,Clear,Noon,front_frame_00000120,4,evaluation_20260909/floating_traffic_cones/noon__clear/front_frame_00000120.png,689f383fb9dbb91b529339fc01f59403f8de0816935faf395ccaabb920a3c255,1280,720,human_verified
floating_traffic_cones,Flying traffic cones,dynamic_object,Clear,Noon,front_frame_00000140,5,evaluation_20260909/floating_traffic_cones/noon__clear/front_frame_00000140.png,90b600344640f4a2d276cecff8b81aea35a2101a94dacf8028cc477ca0996232,1280,720,human_verified
floating_traffic_cones,Flying traffic cones,dynamic_object,Foggy,Noon,front_frame_00000060,1,evaluation_20260909/floating_traffic_cones/noon__foggy/front_frame_00000060.png,98b1f165020def1df8f40915b436918da9bd18479f910548b53461820c8969d2,1280,720,human_verified
floating_traffic_cones,Flying traffic cones,dynamic_object,Foggy,Noon,front_frame_00000080,2,evaluation_20260909/floating_traffic_cones/noon__foggy/front_frame_00000080.png,3aa2d61aa2bec74f4c690745a9f1ecfeafd4c5b65986015958621e20a24d756f,1280,720,human_verified
floating_traffic_cones,Flying traffic cones,dynamic_object,Foggy,Noon,front_frame_00000100,3,evaluation_20260909/floating_traffic_cones/noon__foggy/front_frame_00000100.png,80016c3c9768315dfb3c3db4eb0b6432d4b9877279a1b329acb74757d84637e7,1280,720,human_verified
floating_traffic_cones,Flying traffic cones,dynamic_object,Foggy,Noon,front_frame_00000120,4,evaluation_20260909/floating_traffic_cones/noon__foggy/front_frame_00000120.png,b4191da848b132cf9556d9bc5f6b1d407808ad03c9d3f4fa613a311371a3dd91,1280,720,human_verified
floating_traffic_cones,Flying traffic cones,dynamic_object,Foggy,Noon,front_frame_00000140,5,evaluation_20260909/floating_traffic_cones/noon__foggy/front_frame_00000140.png,6a8b00450a3bb766bf3409a416dedb4dde7b28bc51d2f74bfd738f45a4fc101b,1280,720,human_verified
floating_traffic_cones,Flying traffic cones,dynamic_object,Heavy Rainy,Noon,front_frame_00000060,1,evaluation_20260909/floating_traffic_cones/noon__storm/front_frame_00000060.png,0dba3fddfa543d75d12f39f6285406af6621bd6eacaa401fbced068fcc812ffb,1280,720,human_verified
floating_traffic_cones,Flying traffic cones,dynamic_object,Heavy Rainy,Noon,front_frame_00000080,2,evaluation_20260909/floating_traffic_cones/noon__storm/front_frame_00000080.png,fb32293e82b8f7e7a435aeb5704df4cfb21e7beab46cb001ad55043a880691ed,1280,720,human_verified
floating_traffic_cones,Flying traffic cones,dynamic_object,Heavy Rainy,Noon,front_frame_00000100,3,evaluation_20260909/floating_traffic_cones/noon__storm/front_frame_00000100.png,3f3f24aedafeb67f003be1433db32e1241feb4896cecfed3e23a313550e9bf7a,1280,720,human_verified
floating_traffic_cones,Flying traffic cones,dynamic_object,Heavy Rainy,Noon,front_frame_00000120,4,evaluation_20260909/floating_traffic_cones/noon__storm/front_frame_00000120.png,5dac7a8e5ed7fe3706a9d5b2beb23f95a95911a2b9398e44002b0242a52ff331,1280,720,human_verified
floating_traffic_cones,Flying traffic cones,dynamic_object,Heavy Rainy,Noon,front_frame_00000140,5,evaluation_20260909/floating_traffic_cones/noon__storm/front_frame_00000140.png,92642a2b99ee841cb41806cbd920b5338e850b25f3db190e2e14ec727f093a68,1280,720,human_verified
floating_traffic_cones,Flying traffic cones,dynamic_object,Stormy,Noon,front_frame_00000060,1,evaluation_20260909/floating_traffic_cones/noon__worst/front_frame_00000060.png,431844fbd4de08db1808ec1d0128b428351a14ba26fe2111db3dd51b94916b43,1280,720,human_verified
floating_traffic_cones,Flying traffic cones,dynamic_object,Stormy,Noon,front_frame_00000080,2,evaluation_20260909/floating_traffic_cones/noon__worst/front_frame_00000080.png,ed7b2448915124e5b61a1d9a6452a2b57b8bf86bf451e788b01968be12f42825,1280,720,human_verified
floating_traffic_cones,Flying traffic cones,dynamic_object,Stormy,Noon,front_frame_00000100,3,evaluation_20260909/floating_traffic_cones/noon__worst/front_frame_00000100.png,c855b015b6c7188470aacc0d23fefdcff12eee4911263fdb49d0a3713537d6c8,1280,720,human_verified
floating_traffic_cones,Flying traffic cones,dynamic_object,Stormy,Noon,front_frame_00000120,4,evaluation_20260909/floating_traffic_cones/noon__worst/front_frame_00000120.png,7d06a1b3a254e5abc5a13d78e9af257e0f88033fb7a1b05d78b90d4f817ddebc,1280,720,human_verified
floating_traffic_cones,Flying traffic cones,dynamic_object,Stormy,Noon,front_frame_00000140,5,evaluation_20260909/floating_traffic_cones/noon__worst/front_frame_00000140.png,cff45b8e7b6d7286dcaba0a055f4378cccf5275b59cec425063261b4a9cd2268,1280,720,human_verified
flooded_underpass,Flooded underpass,environmental,Clear,Night,front_frame_00000040,1,evaluation_20260909/flooded_underpass/night__clear/front_frame_00000040.png,6cd076905a517da769bf32b3b9f8843b88ce49565f18f7ce884602a99d559fa6,1280,720,human_verified
flooded_underpass,Flooded underpass,environmental,Clear,Night,front_frame_00000120,2,evaluation_20260909/flooded_underpass/night__clear/front_frame_00000120.png,adf98e8d41bbffd08f5b465ad7850d71dee60b57839c98fc1655ecda15f44e59,1280,720,human_verified
flooded_underpass,Flooded underpass,environmental,Clear,Night,front_frame_00000200,3,evaluation_20260909/flooded_underpass/night__clear/front_frame_00000200.png,bd7d470cc1c85e98d948f9f0744e2a73f997f28c3692cc9675e52b6c106e35e8,1280,720,human_verified
flooded_underpass,Flooded underpass,environmental,Clear,Night,front_frame_00000280,4,evaluation_20260909/flooded_underpass/night__clear/front_frame_00000280.png,91c8e6c14313a553616dad2a2f22b3fc9c6a748be87c7c6410a8933320018392,1280,720,human_verified
flooded_underpass,Flooded underpass,environmental,Clear,Night,front_frame_00000360,5,evaluation_20260909/flooded_underpass/night__clear/front_frame_00000360.png,996657cca807afe34c657fb625d07af7f6d7477f488aeba473660b0bc3ceaa7d,1280,720,human_verified
flooded_underpass,Flooded underpass,environmental,Foggy,Night,front_frame_00000040,1,evaluation_20260909/flooded_underpass/night__foggy/front_frame_00000040.png,241dbe8ed9373fd780786da012612be56b5620d1313ab37921a166e04edfdaf9,1280,720,human_verified
flooded_underpass,Flooded underpass,environmental,Foggy,Night,front_frame_00000120,2,evaluation_20260909/flooded_underpass/night__foggy/front_frame_00000120.png,a175f231bd2e41acc84255d6bc2d1fedbe56bb89d0a93be57154b00a3aeb0a71,1280,720,human_verified
flooded_underpass,Flooded underpass,environmental,Foggy,Night,front_frame_00000200,3,evaluation_20260909/flooded_underpass/night__foggy/front_frame_00000200.png,ed2c1f7918fe60f16a08c4c98c6c7f78ff72db231faeae535883eb28b455e509,1280,720,human_verified
flooded_underpass,Flooded underpass,environmental,Foggy,Night,front_frame_00000280,4,evaluation_20260909/flooded_underpass/night__foggy/front_frame_00000280.png,5c6c4e21459b0bc42ecd4ae9751aa822f67e0c6156546a86333e5a5ad2a47d53,1280,720,human_verified
flooded_underpass,Flooded underpass,environmental,Foggy,Night,front_frame_00000360,5,evaluation_20260909/flooded_underpass/night__foggy/front_frame_00000360.png,73a60c57d17edcacde1bcb05468af7f23f02e9e8e4a72b99c5a0a2dafb37b79e,1280,720,human_verified
flooded_underpass,Flooded underpass,environmental,Heavy Rainy,Night,front_frame_00000040,1,evaluation_20260909/flooded_underpass/night__storm/front_frame_00000040.png,79121dcc02e28228be165698cf72992f07ae30321d416fbb1221e2588b3a2cf9,1280,720,human_verified
flooded_underpass,Flooded underpass,environmental,Heavy Rainy,Night,front_frame_00000120,2,evaluation_20260909/flooded_underpass/night__storm/front_frame_00000120.png,6a9aed3d93d7c404f4e9013400964eefd4c461dcc0e4c8a767ffdc55a072ad99,1280,720,human_verified
flooded_underpass,Flooded underpass,environmental,Heavy Rainy,Night,front_frame_00000200,3,evaluation_20260909/flooded_underpass/night__storm/front_frame_00000200.png,d8c6dd86ae26c39344e38488c589be2929e774c493e680512800e05fa3c58c87,1280,720,human_verified
flooded_underpass,Flooded underpass,environmental,Heavy Rainy,Night,front_frame_00000280,4,evaluation_20260909/flooded_underpass/night__storm/front_frame_00000280.png,8a65d9ceaf8bbc5fb92f599a29d4f93b54304788ba712520d353a020dd4d66ff,1280,720,human_verified
flooded_underpass,Flooded underpass,environmental,Heavy Rainy,Night,front_frame_00000360,5,evaluation_20260909/flooded_underpass/night__storm/front_frame_00000360.png,fe8cf7da43c52636fd4762f54739932bb8bde0763eb57fcc699aec20294e7577,1280,720,human_verified
flooded_underpass,Flooded underpass,environmental,Stormy,Night,front_frame_00000040,1,evaluation_20260909/flooded_underpass/night__worst/front_frame_00000040.png,36d6494b3b94209fe0c35bf01f96fa2aeccc4d9739a452b63372d2475d7c0f18,1280,720,human_verified
flooded_underpass,Flooded underpass,environmental,Stormy,Night,front_frame_00000120,2,evaluation_20260909/flooded_underpass/night__worst/front_frame_00000120.png,53b54ab3559a5d439ddbe74a57268dbed0f706fb463b7920b4f7c2405f6cc073,1280,720,human_verified
flooded_underpass,Flooded underpass,environmental,Stormy,Night,front_frame_00000200,3,evaluation_20260909/flooded_underpass/night__worst/front_frame_00000200.png,48abd11bfd158a0ffe78a6c5223bc555db9e7462a05eea3a0c40550e5499c689,1280,720,human_verified
flooded_underpass,Flooded underpass,environmental,Stormy,Night,front_frame_00000280,4,evaluation_20260909/flooded_underpass/night__worst/front_frame_00000280.png,9fa033b1aa94058139821820d22fd2ff5d6596f6feda363adfba224cca03364f,1280,720,human_verified
flooded_underpass,Flooded underpass,environmental,Stormy,Night,front_frame_00000360,5,evaluation_20260909/flooded_underpass/night__worst/front_frame_00000360.png,fafdf91d4724b582ce5d95cb20cfb17c726fd8059fd7a7d53f517d71f89a10be,1280,720,human_verified
flooded_underpass,Flooded underpass,environmental,Clear,Noon,front_frame_00000040,1,evaluation_20260909/flooded_underpass/noon__clear/front_frame_00000040.png,04aa2723564980bd01e08720e48473fd02fe1f8b4d5fc0fe35ccfc1986020c7b,1280,720,human_verified
flooded_underpass,Flooded underpass,environmental,Clear,Noon,front_frame_00000120,2,evaluation_20260909/flooded_underpass/noon__clear/front_frame_00000120.png,3a6ff0cf760e8faac238c7991540efd58ed74fafb81ddc2d01d1803c53a96527,1280,720,human_verified
flooded_underpass,Flooded underpass,environmental,Clear,Noon,front_frame_00000200,3,evaluation_20260909/flooded_underpass/noon__clear/front_frame_00000200.png,6b72b3aa7e8b27eb34edeb74a9140cd179b4d92e4c89f91d32c182cd72e62471,1280,720,human_verified
flooded_underpass,Flooded underpass,environmental,Clear,Noon,front_frame_00000280,4,evaluation_20260909/flooded_underpass/noon__clear/front_frame_00000280.png,c8c46318b5f3caf85d0c88f97f8e10ab6d5ce06ecf467d3f95c538f3ad61b3eb,1280,720,human_verified
flooded_underpass,Flooded underpass,environmental,Clear,Noon,front_frame_00000360,5,evaluation_20260909/flooded_underpass/noon__clear/front_frame_00000360.png,e4a22f683f02f4bb33b2c0376fd46888222194ca8ac43ac781235b7208089cf1,1280,720,human_verified
flooded_underpass,Flooded underpass,environmental,Foggy,Noon,front_frame_00000040,1,evaluation_20260909/flooded_underpass/noon__foggy/front_frame_00000040.png,5d4b9074590b6114a130fc2f47b31a17a64c4ccb7a39445f96a5ccc0cb3922ba,1280,720,human_verified
flooded_underpass,Flooded underpass,environmental,Foggy,Noon,front_frame_00000120,2,evaluation_20260909/flooded_underpass/noon__foggy/front_frame_00000120.png,e22f498f39c81d705ceed2d80bdcecde78d7e3705ce0d4a8954c07d6f60d5ed2,1280,720,human_verified
flooded_underpass,Flooded underpass,environmental,Foggy,Noon,front_frame_00000200,3,evaluation_20260909/flooded_underpass/noon__foggy/front_frame_00000200.png,7a31e97cd619cac81ea05bff9a4a445afd83093cd5a7a06ebb13df93bc769cff,1280,720,human_verified
flooded_underpass,Flooded underpass,environmental,Foggy,Noon,front_frame_00000280,4,evaluation_20260909/flooded_underpass/noon__foggy/front_frame_00000280.png,bda08107666b7d0ba79bd8644c046c8a74539667a17159af8737049916842d71,1280,720,human_verified
flooded_underpass,Flooded underpass,environmental,Foggy,Noon,front_frame_00000360,5,evaluation_20260909/flooded_underpass/noon__foggy/front_frame_00000360.png,d2c855a8d869ff2acee87f35cfc523431cf4bcccee190765d90ebba841de6923,1280,720,human_verified
flooded_underpass,Flooded underpass,environmental,Heavy Rainy,Noon,front_frame_00000040,1,evaluation_20260909/flooded_underpass/noon__storm/front_frame_00000040.png,fdee434ca03e6c58199a33e5ae198eca6c256de97d65d8950d17e0b1281923ec,1280,720,human_verified
flooded_underpass,Flooded underpass,environmental,Heavy Rainy,Noon,front_frame_00000120,2,evaluation_20260909/flooded_underpass/noon__storm/front_frame_00000120.png,043f1c2b978ad42a6c3bd1d6e643f608ec93dee3ba0369438ec818e544244e3f,1280,720,human_verified
flooded_underpass,Flooded underpass,environmental,Heavy Rainy,Noon,front_frame_00000200,3,evaluation_20260909/flooded_underpass/noon__storm/front_frame_00000200.png,d3584583bc9157a06b9526dedc7a21fa857cfcb12f00a31af41185307edbf2d0,1280,720,human_verified
flooded_underpass,Flooded underpass,environmental,Heavy Rainy,Noon,front_frame_00000280,4,evaluation_20260909/flooded_underpass/noon__storm/front_frame_00000280.png,6fbfa6c5f5643f0fb059278b0157c76a4e939b4ccb45c37fecd253020ffe8d9e,1280,720,human_verified
flooded_underpass,Flooded underpass,environmental,Heavy Rainy,Noon,front_frame_00000360,5,evaluation_20260909/flooded_underpass/noon__storm/front_frame_00000360.png,273096acef5dd083d8f221b207c21dc99157513c2106931fafd822bbc9662d28,1280,720,human_verified
flooded_underpass,Flooded underpass,environmental,Stormy,Noon,front_frame_00000040,1,evaluation_20260909/flooded_underpass/noon__worst/front_frame_00000040.png,dfa61e2a0e1cd205f1d9a5740402aad94df2167c7a812d65135dee816d73b20b,1280,720,human_verified
flooded_underpass,Flooded underpass,environmental,Stormy,Noon,front_frame_00000120,2,evaluation_20260909/flooded_underpass/noon__worst/front_frame_00000120.png,2f8483d2c7aaf228a2a8cd169c93ee9e97b62058fa856e91366c151f2b2a780d,1280,720,human_verified
flooded_underpass,Flooded underpass,environmental,Stormy,Noon,front_frame_00000200,3,evaluation_20260909/flooded_underpass/noon__worst/front_frame_00000200.png,2c0b0b96fb3c6a49cdcac1f91c6425e4765b1a7fbc52e8cf3b1079b1cbb6936e,1280,720,human_verified
flooded_underpass,Flooded underpass,environmental,Stormy,Noon,front_frame_00000280,4,evaluation_20260909/flooded_underpass/noon__worst/front_frame_00000280.png,98ecfb5964b711e4931ab21bbf75c3725532d54f36a18344159870d47d58ea0d,1280,720,human_verified
flooded_underpass,Flooded underpass,environmental,Stormy,Noon,front_frame_00000360,5,evaluation_20260909/flooded_underpass/noon__worst/front_frame_00000360.png,d36968e2731c87b01354becee8592bacfea1ffffa091023e5accd943e55fba9c,1280,720,human_verified
giant_rolling_sphere,Giant rolling sphere,dynamic_object,Clear,Night,front_frame_00000001,1,evaluation_20260909/giant_rolling_sphere/night__clear/front_frame_00000001.png,676ff4563f420535f6ade3f18e711aaedf0b588e819e049670dc0d51325f243c,1280,720,human_verified
giant_rolling_sphere,Giant rolling sphere,dynamic_object,Clear,Night,front_frame_00000040,2,evaluation_20260909/giant_rolling_sphere/night__clear/front_frame_00000040.png,3bd297eca24f1ec8880a1d76b3d0e015746440bda563196df19320d6103b9ee0,1280,720,human_verified
giant_rolling_sphere,Giant rolling sphere,dynamic_object,Clear,Night,front_frame_00000080,3,evaluation_20260909/giant_rolling_sphere/night__clear/front_frame_00000080.png,aaed9270a02e68cb3f8c2d973a08075d4d4d7c25c63acd9bac39b9fed5e9359b,1280,720,human_verified
giant_rolling_sphere,Giant rolling sphere,dynamic_object,Clear,Night,front_frame_00000100,4,evaluation_20260909/giant_rolling_sphere/night__clear/front_frame_00000100.png,9a02b7b4a2ee03e16870b4fe5ed1ba7e4cef86b638f477406fa7bf871762f337,1280,720,human_verified
giant_rolling_sphere,Giant rolling sphere,dynamic_object,Clear,Night,front_frame_00000140,5,evaluation_20260909/giant_rolling_sphere/night__clear/front_frame_00000140.png,ed3f61fb95f4af7a5cd9365d2445d73314f2255f15fb64c19b84d8f29f6a2d36,1280,720,human_verified
giant_rolling_sphere,Giant rolling sphere,dynamic_object,Foggy,Night,front_frame_00000001,1,evaluation_20260909/giant_rolling_sphere/night__foggy/front_frame_00000001.png,346263b3464e04c68e9096df4061e3a5ba3d48b888677f5ecd407957293536bb,1280,720,human_verified
giant_rolling_sphere,Giant rolling sphere,dynamic_object,Foggy,Night,front_frame_00000040,2,evaluation_20260909/giant_rolling_sphere/night__foggy/front_frame_00000040.png,599a7698d62cd8212a2ba331d5ac543107b4cbae7c968872b447aaf35f9fd7d0,1280,720,human_verified
giant_rolling_sphere,Giant rolling sphere,dynamic_object,Foggy,Night,front_frame_00000080,3,evaluation_20260909/giant_rolling_sphere/night__foggy/front_frame_00000080.png,af790fd935b9944c677e0e757396d97d8b08a291455c2579681e69192614ffd2,1280,720,human_verified
giant_rolling_sphere,Giant rolling sphere,dynamic_object,Foggy,Night,front_frame_00000100,4,evaluation_20260909/giant_rolling_sphere/night__foggy/front_frame_00000100.png,53897b0d68f96bdbe668dba8e443558520873f0dfb0db27c7918e51ba9f124b8,1280,720,human_verified
giant_rolling_sphere,Giant rolling sphere,dynamic_object,Foggy,Night,front_frame_00000140,5,evaluation_20260909/giant_rolling_sphere/night__foggy/front_frame_00000140.png,e0c6688c9bfd9729bff296b8f9b437400d6c539f2209da9b7d656a89b1ffc09f,1280,720,human_verified
giant_rolling_sphere,Giant rolling sphere,dynamic_object,Heavy Rainy,Night,front_frame_00000001,1,evaluation_20260909/giant_rolling_sphere/night__storm/front_frame_00000001.png,9512e145cb86f7510434f600547d2f7305d5ae6503a8d7731c4a1cb745947918,1280,720,human_verified
giant_rolling_sphere,Giant rolling sphere,dynamic_object,Heavy Rainy,Night,front_frame_00000040,2,evaluation_20260909/giant_rolling_sphere/night__storm/front_frame_00000040.png,cac31f9794fa1d23e478604b2b594f48e7a0527819039e8b9ea58c95d96f848c,1280,720,human_verified
giant_rolling_sphere,Giant rolling sphere,dynamic_object,Heavy Rainy,Night,front_frame_00000080,3,evaluation_20260909/giant_rolling_sphere/night__storm/front_frame_00000080.png,31d216bb02cfedc45abe2dbb148b2644b126f70d32dd4466a69aba79602de604,1280,720,human_verified
giant_rolling_sphere,Giant rolling sphere,dynamic_object,Heavy Rainy,Night,front_frame_00000100,4,evaluation_20260909/giant_rolling_sphere/night__storm/front_frame_00000100.png,e2251c6ec8dd97bb4e2a8a813fb68df582c0e2c33b30bf9152f3e059348e2530,1280,720,human_verified
giant_rolling_sphere,Giant rolling sphere,dynamic_object,Heavy Rainy,Night,front_frame_00000140,5,evaluation_20260909/giant_rolling_sphere/night__storm/front_frame_00000140.png,073d46a6465a695b339af39700c727369abb187abbf5686a22d7059001e0ccb5,1280,720,human_verified
giant_rolling_sphere,Giant rolling sphere,dynamic_object,Stormy,Night,front_frame_00000001,1,evaluation_20260909/giant_rolling_sphere/night__worst/front_frame_00000001.png,f2b3909033b67feca946eaf66f656333b640cbb9ff5a25793392b4ce2c653609,1280,720,human_verified
giant_rolling_sphere,Giant rolling sphere,dynamic_object,Stormy,Night,front_frame_00000040,2,evaluation_20260909/giant_rolling_sphere/night__worst/front_frame_00000040.png,9f5bc847e62bbe2b6092de90101f16d6d58f2f12655c6beef8c1c42355df0528,1280,720,human_verified
giant_rolling_sphere,Giant rolling sphere,dynamic_object,Stormy,Night,front_frame_00000080,3,evaluation_20260909/giant_rolling_sphere/night__worst/front_frame_00000080.png,482d5adc45fe93d242edc7b4db776ce5bfd032d87d31a6523625e73c0d14d269,1280,720,human_verified
giant_rolling_sphere,Giant rolling sphere,dynamic_object,Stormy,Night,front_frame_00000100,4,evaluation_20260909/giant_rolling_sphere/night__worst/front_frame_00000100.png,e0874023b23666d66020c9029ad07e2b610434847609bb2ffd9bbc5d4d4d33be,1280,720,human_verified
giant_rolling_sphere,Giant rolling sphere,dynamic_object,Stormy,Night,front_frame_00000140,5,evaluation_20260909/giant_rolling_sphere/night__worst/front_frame_00000140.png,9c17e35fa74f7284c2eb783239147c218f30e21a4f926a3d8989d311d60ab608,1280,720,human_verified
giant_rolling_sphere,Giant rolling sphere,dynamic_object,Clear,Noon,front_frame_00000001,1,evaluation_20260909/giant_rolling_sphere/noon__clear/front_frame_00000001.png,0ab74ae5daa5bdd2a9f0977b942f9edd581c74dd6ca163feebaaca70f376d551,1280,720,human_verified
giant_rolling_sphere,Giant rolling sphere,dynamic_object,Clear,Noon,front_frame_00000040,2,evaluation_20260909/giant_rolling_sphere/noon__clear/front_frame_00000040.png,4382e973959f52e20ddfaa38bd0bee965981a83c2bb9e0cf3f08c444e859d498,1280,720,human_verified
giant_rolling_sphere,Giant rolling sphere,dynamic_object,Clear,Noon,front_frame_00000080,3,evaluation_20260909/giant_rolling_sphere/noon__clear/front_frame_00000080.png,09671a57e9932662fdaebf8daa2bd61db791f84874de3f982250c06af61b22ec,1280,720,human_verified
giant_rolling_sphere,Giant rolling sphere,dynamic_object,Clear,Noon,front_frame_00000100,4,evaluation_20260909/giant_rolling_sphere/noon__clear/front_frame_00000100.png,5e56f586c58d5eb734b752eb826128e9cdad38325dec4b70b8a0793e4cb5a344,1280,720,human_verified
giant_rolling_sphere,Giant rolling sphere,dynamic_object,Clear,Noon,front_frame_00000140,5,evaluation_20260909/giant_rolling_sphere/noon__clear/front_frame_00000140.png,65e0d4aa4eaa6a1ddeb7c7f638fa4c2b0650cf820e36ece7835417fea96d5691,1280,720,human_verified
giant_rolling_sphere,Giant rolling sphere,dynamic_object,Foggy,Noon,front_frame_00000001,1,evaluation_20260909/giant_rolling_sphere/noon__foggy/front_frame_00000001.png,d610356545e82ae45523f8f7fdc625bf525a341e6957e837709a31cc4e1a3433,1280,720,human_verified
giant_rolling_sphere,Giant rolling sphere,dynamic_object,Foggy,Noon,front_frame_00000040,2,evaluation_20260909/giant_rolling_sphere/noon__foggy/front_frame_00000040.png,e36c7f08efbbaa46e122c52bf659c5e69128cc82b6d7c6c7f88d72393cd0e753,1280,720,human_verified
giant_rolling_sphere,Giant rolling sphere,dynamic_object,Foggy,Noon,front_frame_00000080,3,evaluation_20260909/giant_rolling_sphere/noon__foggy/front_frame_00000080.png,b931d0008eb364714ba8c29e37a44187db31fbf79d5227223e0c3e7bb11f4e7f,1280,720,human_verified
giant_rolling_sphere,Giant rolling sphere,dynamic_object,Foggy,Noon,front_frame_00000100,4,evaluation_20260909/giant_rolling_sphere/noon__foggy/front_frame_00000100.png,42494635ec6b8791e2f32e4c3f04e3d34d799d5ae434f68259a612a112d3262e,1280,720,human_verified
giant_rolling_sphere,Giant rolling sphere,dynamic_object,Foggy,Noon,front_frame_00000140,5,evaluation_20260909/giant_rolling_sphere/noon__foggy/front_frame_00000140.png,8797c40e5198a5ae3e10934412651438725e8723c88ddccbc257148263990093,1280,720,human_verified
giant_rolling_sphere,Giant rolling sphere,dynamic_object,Heavy Rainy,Noon,front_frame_00000001,1,evaluation_20260909/giant_rolling_sphere/noon__storm/front_frame_00000001.png,391d4cf2c77c701d52ddc03529720712388bb2f8559f201ff08c29216fa3a8a9,1280,720,human_verified
giant_rolling_sphere,Giant rolling sphere,dynamic_object,Heavy Rainy,Noon,front_frame_00000040,2,evaluation_20260909/giant_rolling_sphere/noon__storm/front_frame_00000040.png,88eec75b7b0240320ea33d79b68becf6a108d0998fd95be44e7675123539b073,1280,720,human_verified
giant_rolling_sphere,Giant rolling sphere,dynamic_object,Heavy Rainy,Noon,front_frame_00000080,3,evaluation_20260909/giant_rolling_sphere/noon__storm/front_frame_00000080.png,1e99ec2f78ac3d93a70f8ee7613daf14fafe101c12e988e18038da3a87b0bb90,1280,720,human_verified
giant_rolling_sphere,Giant rolling sphere,dynamic_object,Heavy Rainy,Noon,front_frame_00000100,4,evaluation_20260909/giant_rolling_sphere/noon__storm/front_frame_00000100.png,ab24d0e397c2f3405f0697114af310e7caeabd86907ff7e547d3b96dd9bf63a6,1280,720,human_verified
giant_rolling_sphere,Giant rolling sphere,dynamic_object,Heavy Rainy,Noon,front_frame_00000140,5,evaluation_20260909/giant_rolling_sphere/noon__storm/front_frame_00000140.png,bc28409b7bf4bb4334d41b48da2b68240c50737e75b8903d1f3939346e3c7a89,1280,720,human_verified
giant_rolling_sphere,Giant rolling sphere,dynamic_object,Stormy,Noon,front_frame_00000001,1,evaluation_20260909/giant_rolling_sphere/noon__worst/front_frame_00000001.png,1f3fef8a1b3aa75985437f39cb4df5964612b9b1bd045c4ac7b6dee03fc8354c,1280,720,human_verified
giant_rolling_sphere,Giant rolling sphere,dynamic_object,Stormy,Noon,front_frame_00000040,2,evaluation_20260909/giant_rolling_sphere/noon__worst/front_frame_00000040.png,9713a8007f854fb146705f2b61eb6f18d0828d470634318c56be3561b5bba611,1280,720,human_verified
giant_rolling_sphere,Giant rolling sphere,dynamic_object,Stormy,Noon,front_frame_00000080,3,evaluation_20260909/giant_rolling_sphere/noon__worst/front_frame_00000080.png,d7d41211ea4cd52858240220e63325e779917674458720dd78df85fc9dddece8,1280,720,human_verified
giant_rolling_sphere,Giant rolling sphere,dynamic_object,Stormy,Noon,front_frame_00000100,4,evaluation_20260909/giant_rolling_sphere/noon__worst/front_frame_00000100.png,e9eb22290434c01a0b0822fae3b1b3a31debe8e0630b7ab3a9f7f5e8f45900c1,1280,720,human_verified
giant_rolling_sphere,Giant rolling sphere,dynamic_object,Stormy,Noon,front_frame_00000140,5,evaluation_20260909/giant_rolling_sphere/noon__worst/front_frame_00000140.png,a5e6be0569bc1b4c63f4f041714c1517e525137b81e35725d764618201c9d463,1280,720,human_verified
giant_tree_log_blocking_the_road,Giant tree log blocking the road,obstruction,Clear,Night,front_frame_00000160,1,evaluation_20260909/giant_tree_log_blocking_the_road/night__clear/front_frame_00000160.png,48b428b1921e882e49851e29affe7b849d33c93be823d632f42f9319433b3331,1280,720,human_verified
giant_tree_log_blocking_the_road,Giant tree log blocking the road,obstruction,Clear,Night,front_frame_00000180,2,evaluation_20260909/giant_tree_log_blocking_the_road/night__clear/front_frame_00000180.png,6af6d34b36a5400f6768942a7d6b44b8e920b9524db00b665d4670a7f4f32242,1280,720,human_verified
giant_tree_log_blocking_the_road,Giant tree log blocking the road,obstruction,Clear,Night,front_frame_00000200,3,evaluation_20260909/giant_tree_log_blocking_the_road/night__clear/front_frame_00000200.png,5738beefc03f9c43e7415de9180a463a992681f739ff16528b8b4520c090b457,1280,720,human_verified
giant_tree_log_blocking_the_road,Giant tree log blocking the road,obstruction,Clear,Night,front_frame_00000220,4,evaluation_20260909/giant_tree_log_blocking_the_road/night__clear/front_frame_00000220.png,14be24effdbbba176cfe9f690b79b6cee291cad6c429795a7960ca29913ca000,1280,720,human_verified
giant_tree_log_blocking_the_road,Giant tree log blocking the road,obstruction,Clear,Night,front_frame_00000240,5,evaluation_20260909/giant_tree_log_blocking_the_road/night__clear/front_frame_00000240.png,a1a7e1afbc206e05a2f0111ef7aeb80c8a4ce8f748e07866d345cc57ac26bd7d,1280,720,human_verified
giant_tree_log_blocking_the_road,Giant tree log blocking the road,obstruction,Foggy,Night,front_frame_00000160,1,evaluation_20260909/giant_tree_log_blocking_the_road/night__foggy/front_frame_00000160.png,5055d839680d16236e858aa4a486012287a1740e292877d981336fce7eb9b9be,1280,720,human_verified
giant_tree_log_blocking_the_road,Giant tree log blocking the road,obstruction,Foggy,Night,front_frame_00000180,2,evaluation_20260909/giant_tree_log_blocking_the_road/night__foggy/front_frame_00000180.png,4f071d1dda0fe6560f073f52b7722eed4a39cf4827cc35abdfb783df2c2027ec,1280,720,human_verified
giant_tree_log_blocking_the_road,Giant tree log blocking the road,obstruction,Foggy,Night,front_frame_00000200,3,evaluation_20260909/giant_tree_log_blocking_the_road/night__foggy/front_frame_00000200.png,a8058e2e0872729ab923d7ad8fa1649d7785bffad1a2f25dfe5ac9e9caa596c7,1280,720,human_verified
giant_tree_log_blocking_the_road,Giant tree log blocking the road,obstruction,Foggy,Night,front_frame_00000220,4,evaluation_20260909/giant_tree_log_blocking_the_road/night__foggy/front_frame_00000220.png,ebb9c4899ddef37488f497edfb74833d437c86c89a8302b942bee5e8d17c6cb5,1280,720,human_verified
giant_tree_log_blocking_the_road,Giant tree log blocking the road,obstruction,Foggy,Night,front_frame_00000240,5,evaluation_20260909/giant_tree_log_blocking_the_road/night__foggy/front_frame_00000240.png,e98eb6b1bd74c841f857894f1557cff8ec82b4eb36208324a1d3923fdde55bd9,1280,720,human_verified
giant_tree_log_blocking_the_road,Giant tree log blocking the road,obstruction,Heavy Rainy,Night,front_frame_00000160,1,evaluation_20260909/giant_tree_log_blocking_the_road/night__storm/front_frame_00000160.png,52cfd6b6e281f13271230d95f059c60cc868d67555c86d1c7558a32604bf3331,1280,720,human_verified
giant_tree_log_blocking_the_road,Giant tree log blocking the road,obstruction,Heavy Rainy,Night,front_frame_00000180,2,evaluation_20260909/giant_tree_log_blocking_the_road/night__storm/front_frame_00000180.png,364ba6c7149f2c4c508a1cfbde7ed8822544d22c40fe037c0d10cbbea7b9e3b9,1280,720,human_verified
giant_tree_log_blocking_the_road,Giant tree log blocking the road,obstruction,Heavy Rainy,Night,front_frame_00000200,3,evaluation_20260909/giant_tree_log_blocking_the_road/night__storm/front_frame_00000200.png,f9694834c5d6c48b24b030553dc8b120d55b7699e434ea3b076857cfdda971fd,1280,720,human_verified
giant_tree_log_blocking_the_road,Giant tree log blocking the road,obstruction,Heavy Rainy,Night,front_frame_00000220,4,evaluation_20260909/giant_tree_log_blocking_the_road/night__storm/front_frame_00000220.png,cd90541c94f8e4eda6187bf6d33b7cf9039340b210a6d08e900184c1f09b9815,1280,720,human_verified
giant_tree_log_blocking_the_road,Giant tree log blocking the road,obstruction,Heavy Rainy,Night,front_frame_00000240,5,evaluation_20260909/giant_tree_log_blocking_the_road/night__storm/front_frame_00000240.png,977fbd33e15d13301f926becfecc6b38bea49e26d3b705e4ca74e8fd80725949,1280,720,human_verified
giant_tree_log_blocking_the_road,Giant tree log blocking the road,obstruction,Stormy,Night,front_frame_00000160,1,evaluation_20260909/giant_tree_log_blocking_the_road/night__worst/front_frame_00000160.png,56aa42f1f98062c842dd672f797e124b866d14ce2594a4062f4dbdfa482d9e41,1280,720,human_verified
giant_tree_log_blocking_the_road,Giant tree log blocking the road,obstruction,Stormy,Night,front_frame_00000180,2,evaluation_20260909/giant_tree_log_blocking_the_road/night__worst/front_frame_00000180.png,13aa40681da160f76f9a0d480b5eb8108c7a0fc0845c91d5cf9be1947613b324,1280,720,human_verified
giant_tree_log_blocking_the_road,Giant tree log blocking the road,obstruction,Stormy,Night,front_frame_00000200,3,evaluation_20260909/giant_tree_log_blocking_the_road/night__worst/front_frame_00000200.png,280a52eb0d2cd5ce03ce5618fc2035fe6fa421daf030ebecccc4ce8e1cbcb478,1280,720,human_verified
giant_tree_log_blocking_the_road,Giant tree log blocking the road,obstruction,Stormy,Night,front_frame_00000220,4,evaluation_20260909/giant_tree_log_blocking_the_road/night__worst/front_frame_00000220.png,78f865cf97237dabb37b9653dd20245421a5ad47d412e7f083bd3e99d2cbe7fc,1280,720,human_verified
giant_tree_log_blocking_the_road,Giant tree log blocking the road,obstruction,Stormy,Night,front_frame_00000240,5,evaluation_20260909/giant_tree_log_blocking_the_road/night__worst/front_frame_00000240.png,015b3e6ce4d96bf6a8e3460c9ba0ad042a22c92e6e2b7516e425cea0dc5853f6,1280,720,human_verified
giant_tree_log_blocking_the_road,Giant tree log blocking the road,obstruction,Clear,Noon,front_frame_00000160,1,evaluation_20260909/giant_tree_log_blocking_the_road/noon__clear/front_frame_00000160.png,5314855e3886026c788629ee32eb412584d804d46db70b7a585e79157e87d8bb,1280,720,human_verified
giant_tree_log_blocking_the_road,Giant tree log blocking the road,obstruction,Clear,Noon,front_frame_00000180,2,evaluation_20260909/giant_tree_log_blocking_the_road/noon__clear/front_frame_00000180.png,d5179ec2ecf657f3b4651573e86da2b1d6b46a371e22371391ba275f750ad387,1280,720,human_verified
giant_tree_log_blocking_the_road,Giant tree log blocking the road,obstruction,Clear,Noon,front_frame_00000200,3,evaluation_20260909/giant_tree_log_blocking_the_road/noon__clear/front_frame_00000200.png,d5deb1d028ac2dc7681ed480cd9c2187ac617dc8d5ecbe22e8fab30da0fb52d2,1280,720,human_verified
giant_tree_log_blocking_the_road,Giant tree log blocking the road,obstruction,Clear,Noon,front_frame_00000220,4,evaluation_20260909/giant_tree_log_blocking_the_road/noon__clear/front_frame_00000220.png,c54be701c03619205941fbce90717a040aa7e8b09410fe1de68747a088d224fd,1280,720,human_verified
giant_tree_log_blocking_the_road,Giant tree log blocking the road,obstruction,Clear,Noon,front_frame_00000240,5,evaluation_20260909/giant_tree_log_blocking_the_road/noon__clear/front_frame_00000240.png,f494a1f87511443d20dae00eb6db0f560b635a7e2258dceec9d23f92f6817d57,1280,720,human_verified
giant_tree_log_blocking_the_road,Giant tree log blocking the road,obstruction,Foggy,Noon,front_frame_00000160,1,evaluation_20260909/giant_tree_log_blocking_the_road/noon__foggy/front_frame_00000160.png,bb6ae7ec2dba91c26397bd7bb3cf3023a1779aa5bc8c5ab952abb2a6ee400b2c,1280,720,human_verified
giant_tree_log_blocking_the_road,Giant tree log blocking the road,obstruction,Foggy,Noon,front_frame_00000180,2,evaluation_20260909/giant_tree_log_blocking_the_road/noon__foggy/front_frame_00000180.png,cd7d359161a0420bb9c73ef399757b0149310feb7ce521371be90c8aeabf2908,1280,720,human_verified
giant_tree_log_blocking_the_road,Giant tree log blocking the road,obstruction,Foggy,Noon,front_frame_00000200,3,evaluation_20260909/giant_tree_log_blocking_the_road/noon__foggy/front_frame_00000200.png,a73c8755dbae84e1717ef6d6ea9b4bf57880d1dab62123050a0ca1bea7ca070f,1280,720,human_verified
giant_tree_log_blocking_the_road,Giant tree log blocking the road,obstruction,Foggy,Noon,front_frame_00000220,4,evaluation_20260909/giant_tree_log_blocking_the_road/noon__foggy/front_frame_00000220.png,1166190746090af103bd387618c91384af8bb5b951581312550e4bd50cbfefd3,1280,720,human_verified
giant_tree_log_blocking_the_road,Giant tree log blocking the road,obstruction,Foggy,Noon,front_frame_00000240,5,evaluation_20260909/giant_tree_log_blocking_the_road/noon__foggy/front_frame_00000240.png,7b272505db2df66641a10502d9ad5ac15fa97e431cc58ac6a8881ca6969c1c18,1280,720,human_verified
giant_tree_log_blocking_the_road,Giant tree log blocking the road,obstruction,Heavy Rainy,Noon,front_frame_00000160,1,evaluation_20260909/giant_tree_log_blocking_the_road/noon__storm/front_frame_00000160.png,637604ca9dffa48f68344d7cc60d558706a0efbf1cf8515bd667da6bc3c14b7e,1280,720,human_verified
giant_tree_log_blocking_the_road,Giant tree log blocking the road,obstruction,Heavy Rainy,Noon,front_frame_00000180,2,evaluation_20260909/giant_tree_log_blocking_the_road/noon__storm/front_frame_00000180.png,8d5868777039e12422157679cae2649fce23b787390e8bd791af9f0d28b95002,1280,720,human_verified
giant_tree_log_blocking_the_road,Giant tree log blocking the road,obstruction,Heavy Rainy,Noon,front_frame_00000200,3,evaluation_20260909/giant_tree_log_blocking_the_road/noon__storm/front_frame_00000200.png,c9b039b98a495503d4745ae96143b83847762d743f76091202f8c4960f529a0a,1280,720,human_verified
giant_tree_log_blocking_the_road,Giant tree log blocking the road,obstruction,Heavy Rainy,Noon,front_frame_00000220,4,evaluation_20260909/giant_tree_log_blocking_the_road/noon__storm/front_frame_00000220.png,7507315d53d15ccd8368bf4baf738083739969daeabddfa7fb9b4e11fe4a81ee,1280,720,human_verified
giant_tree_log_blocking_the_road,Giant tree log blocking the road,obstruction,Heavy Rainy,Noon,front_frame_00000240,5,evaluation_20260909/giant_tree_log_blocking_the_road/noon__storm/front_frame_00000240.png,059a8b62551f98d4797da9e1f7657691d6cfa0a5e55d60825e9e3945aa91b1be,1280,720,human_verified
giant_tree_log_blocking_the_road,Giant tree log blocking the road,obstruction,Stormy,Noon,front_frame_00000160,1,evaluation_20260909/giant_tree_log_blocking_the_road/noon__worst/front_frame_00000160.png,6a073f2c0ce8b3327921fad29cd4259a0cd3c08c69d057cccae4938d9931b3dd,1280,720,human_verified
giant_tree_log_blocking_the_road,Giant tree log blocking the road,obstruction,Stormy,Noon,front_frame_00000180,2,evaluation_20260909/giant_tree_log_blocking_the_road/noon__worst/front_frame_00000180.png,5e0f6f063d214fcb48eb2b1d759db96969e303c0d22f69c6ed35cbdb4c846c8e,1280,720,human_verified
giant_tree_log_blocking_the_road,Giant tree log blocking the road,obstruction,Stormy,Noon,front_frame_00000200,3,evaluation_20260909/giant_tree_log_blocking_the_road/noon__worst/front_frame_00000200.png,188779a8da64cd7c32b89790ba965cfa50d371930a9f687a6142bdf1b08e7b7f,1280,720,human_verified
giant_tree_log_blocking_the_road,Giant tree log blocking the road,obstruction,Stormy,Noon,front_frame_00000220,4,evaluation_20260909/giant_tree_log_blocking_the_road/noon__worst/front_frame_00000220.png,1679af20e556c8f956d84392cca03b539889b4066437556571c0285293a63769,1280,720,human_verified
giant_tree_log_blocking_the_road,Giant tree log blocking the road,obstruction,Stormy,Noon,front_frame_00000240,5,evaluation_20260909/giant_tree_log_blocking_the_road/noon__worst/front_frame_00000240.png,e680504039a5d82726f274facd7b2e28e062ecab4e8a18900cafefca46c65c3e,1280,720,human_verified
ladder_falling_from_truck,Ladder falling from vehicle,dynamic_object,Clear,Night,front_frame_00000090,1,evaluation_20260909/ladder_falling_from_truck/night__clear/front_frame_00000090.png,239d047c8a23c25bbe2bc549b62a648f596313377201330613d36845acf2485a,1280,720,human_verified
ladder_falling_from_truck,Ladder falling from vehicle,dynamic_object,Clear,Night,front_frame_00000110,2,evaluation_20260909/ladder_falling_from_truck/night__clear/front_frame_00000110.png,c514b0bc5d09070a5cfaacf75d7015b721e5f1caad6c63f0aa0deace353ac02b,1280,720,human_verified
ladder_falling_from_truck,Ladder falling from vehicle,dynamic_object,Clear,Night,front_frame_00000130,3,evaluation_20260909/ladder_falling_from_truck/night__clear/front_frame_00000130.png,12cef807e2abcd253ac5d39fb099e9da9ded048a85559062481a5f4d0252817d,1280,720,human_verified
ladder_falling_from_truck,Ladder falling from vehicle,dynamic_object,Clear,Night,front_frame_00000160,4,evaluation_20260909/ladder_falling_from_truck/night__clear/front_frame_00000160.png,0d2be0762962a6bc45a3e6dae478c142b361fb9b4006762b154b6cafc05d6893,1280,720,human_verified
ladder_falling_from_truck,Ladder falling from vehicle,dynamic_object,Clear,Night,front_frame_00000201,5,evaluation_20260909/ladder_falling_from_truck/night__clear/front_frame_00000201.png,51dd7a52cf4c7cedb61bc90411ca6259ca7e312c3ba65dbd94601a5b571f6e24,1280,720,human_verified
ladder_falling_from_truck,Ladder falling from vehicle,dynamic_object,Foggy,Night,front_frame_00000090,1,evaluation_20260909/ladder_falling_from_truck/night__foggy/front_frame_00000090.png,83e07ad673bdd48db99ba2142ee6f65701866d8414feba2827eb0d827bb49ac7,1280,720,human_verified
ladder_falling_from_truck,Ladder falling from vehicle,dynamic_object,Foggy,Night,front_frame_00000110,2,evaluation_20260909/ladder_falling_from_truck/night__foggy/front_frame_00000110.png,057fb2b23d17e9eff24419bde89cdb93114d7c77e1f4b31eddc0476db565200c,1280,720,human_verified
ladder_falling_from_truck,Ladder falling from vehicle,dynamic_object,Foggy,Night,front_frame_00000130,3,evaluation_20260909/ladder_falling_from_truck/night__foggy/front_frame_00000130.png,4e3cb4528688059aaa0ceb2445b997511e725769f5ef02c2afd171db0d74a799,1280,720,human_verified
ladder_falling_from_truck,Ladder falling from vehicle,dynamic_object,Foggy,Night,front_frame_00000160,4,evaluation_20260909/ladder_falling_from_truck/night__foggy/front_frame_00000160.png,2760b00962d7e8e03014e5533ffd2b9b1c28c629f606754bf5feec31d4ed17ea,1280,720,human_verified
ladder_falling_from_truck,Ladder falling from vehicle,dynamic_object,Foggy,Night,front_frame_00000201,5,evaluation_20260909/ladder_falling_from_truck/night__foggy/front_frame_00000201.png,e359235c87fde1a7f680c253b0c4ab1ea9a221a91a2e47951dc44d050efb8e32,1280,720,human_verified
ladder_falling_from_truck,Ladder falling from vehicle,dynamic_object,Heavy Rainy,Night,front_frame_00000090,1,evaluation_20260909/ladder_falling_from_truck/night__storm/front_frame_00000090.png,8b27975afbd59f98a88297a0d543fa8f921aba524c772c888fd91a36abdf6f18,1280,720,human_verified
ladder_falling_from_truck,Ladder falling from vehicle,dynamic_object,Heavy Rainy,Night,front_frame_00000110,2,evaluation_20260909/ladder_falling_from_truck/night__storm/front_frame_00000110.png,5b7ff825d1a83d88e7b0e2dc7d0fb5d9d8c5e6174298e0223fe16b70111176f4,1280,720,human_verified
ladder_falling_from_truck,Ladder falling from vehicle,dynamic_object,Heavy Rainy,Night,front_frame_00000130,3,evaluation_20260909/ladder_falling_from_truck/night__storm/front_frame_00000130.png,8cb754c3ed7b557b8f398efb0a482124831d8d060377ce1aab5b3a53cd5c325d,1280,720,human_verified
ladder_falling_from_truck,Ladder falling from vehicle,dynamic_object,Heavy Rainy,Night,front_frame_00000160,4,evaluation_20260909/ladder_falling_from_truck/night__storm/front_frame_00000160.png,5d57d51a447d7a8d65275590ee2a091b8ee62ea07fe59fd8fc82cd568a24f6c3,1280,720,human_verified
ladder_falling_from_truck,Ladder falling from vehicle,dynamic_object,Heavy Rainy,Night,front_frame_00000201,5,evaluation_20260909/ladder_falling_from_truck/night__storm/front_frame_00000201.png,b69dd67433eb502b4208ac605da58d256c4893a5a4ccffa9e9b0d84352516ce0,1280,720,human_verified
ladder_falling_from_truck,Ladder falling from vehicle,dynamic_object,Stormy,Night,front_frame_00000090,1,evaluation_20260909/ladder_falling_from_truck/night__worst/front_frame_00000090.png,0845e12b1aba420b815ec7d24b1c9d23db1f081dc37b3f93901fc00a901ba6fe,1280,720,human_verified
ladder_falling_from_truck,Ladder falling from vehicle,dynamic_object,Stormy,Night,front_frame_00000110,2,evaluation_20260909/ladder_falling_from_truck/night__worst/front_frame_00000110.png,a431375b6e990143cff4b62fd5c6f4c8959e2f16b6dd4c164bbd910948ec4d54,1280,720,human_verified
ladder_falling_from_truck,Ladder falling from vehicle,dynamic_object,Stormy,Night,front_frame_00000130,3,evaluation_20260909/ladder_falling_from_truck/night__worst/front_frame_00000130.png,3511e94d094097b5e1940654fc120fe82d9472e8f9e989f6988cb12cb9a2a37f,1280,720,human_verified
ladder_falling_from_truck,Ladder falling from vehicle,dynamic_object,Stormy,Night,front_frame_00000160,4,evaluation_20260909/ladder_falling_from_truck/night__worst/front_frame_00000160.png,949fc2d893970ee320cde867e563c3b8228d5f76f976f7b426af36173cc2aae8,1280,720,human_verified
ladder_falling_from_truck,Ladder falling from vehicle,dynamic_object,Stormy,Night,front_frame_00000201,5,evaluation_20260909/ladder_falling_from_truck/night__worst/front_frame_00000201.png,15120c6f23aa4d7a54f071bea14ed75916dc36004e5034e7489afc6e43ea6231,1280,720,human_verified
ladder_falling_from_truck,Ladder falling from vehicle,dynamic_object,Clear,Noon,front_frame_00000090,1,evaluation_20260909/ladder_falling_from_truck/noon__clear/front_frame_00000090.png,1da2d15b52def1f689e54e4822008edd57ee5d54c900ffc7ec6bd95f472f807d,1280,720,human_verified
ladder_falling_from_truck,Ladder falling from vehicle,dynamic_object,Clear,Noon,front_frame_00000110,2,evaluation_20260909/ladder_falling_from_truck/noon__clear/front_frame_00000110.png,3c77feb5211305ac4b60c1acbdaca5ccd666d9e66c9040ba4ef9a5ce11b454b2,1280,720,human_verified
ladder_falling_from_truck,Ladder falling from vehicle,dynamic_object,Clear,Noon,front_frame_00000130,3,evaluation_20260909/ladder_falling_from_truck/noon__clear/front_frame_00000130.png,e8adab72328578e1340491f059c0a57044e0d9499f12f1ad85eb79c9c713e484,1280,720,human_verified
ladder_falling_from_truck,Ladder falling from vehicle,dynamic_object,Clear,Noon,front_frame_00000160,4,evaluation_20260909/ladder_falling_from_truck/noon__clear/front_frame_00000160.png,599151d4eee08c3657160371336ddd0c0985ec61d95b4478f098a88b838705ee,1280,720,human_verified
ladder_falling_from_truck,Ladder falling from vehicle,dynamic_object,Clear,Noon,front_frame_00000201,5,evaluation_20260909/ladder_falling_from_truck/noon__clear/front_frame_00000201.png,dd871e4ec87d8514b2b5fca0bff0f3790969525512f26c13835b8b9b68cb09de,1280,720,human_verified
ladder_falling_from_truck,Ladder falling from vehicle,dynamic_object,Foggy,Noon,front_frame_00000090,1,evaluation_20260909/ladder_falling_from_truck/noon__foggy/front_frame_00000090.png,aea2179badbf76c813a3ff9190a8e6597a3fc17977fbdf6498074774c191afc2,1280,720,human_verified
ladder_falling_from_truck,Ladder falling from vehicle,dynamic_object,Foggy,Noon,front_frame_00000110,2,evaluation_20260909/ladder_falling_from_truck/noon__foggy/front_frame_00000110.png,487e2bd490ba0d960d1f49595339cf5b389ff80fadcfb639f7056872b9a70ac8,1280,720,human_verified
ladder_falling_from_truck,Ladder falling from vehicle,dynamic_object,Foggy,Noon,front_frame_00000130,3,evaluation_20260909/ladder_falling_from_truck/noon__foggy/front_frame_00000130.png,5ca0c887b774d61ec6e287a414302b1d1640b36c39e7e2123957fa225867d623,1280,720,human_verified
ladder_falling_from_truck,Ladder falling from vehicle,dynamic_object,Foggy,Noon,front_frame_00000160,4,evaluation_20260909/ladder_falling_from_truck/noon__foggy/front_frame_00000160.png,3ca3888002a2fb8583234c3c098159e7a485656f838efdf60128da1fc66083b4,1280,720,human_verified
ladder_falling_from_truck,Ladder falling from vehicle,dynamic_object,Foggy,Noon,front_frame_00000201,5,evaluation_20260909/ladder_falling_from_truck/noon__foggy/front_frame_00000201.png,888c276ee4d55ddf478bec4b83e0687b1cd5f3f47fc0e178de4f8a395ea61337,1280,720,human_verified
ladder_falling_from_truck,Ladder falling from vehicle,dynamic_object,Heavy Rainy,Noon,front_frame_00000090,1,evaluation_20260909/ladder_falling_from_truck/noon__storm/front_frame_00000090.png,74226e76948a282c9d15d5aea876e7ee5ff2aca16546a30debe7b0d9c5afdbd0,1280,720,human_verified
ladder_falling_from_truck,Ladder falling from vehicle,dynamic_object,Heavy Rainy,Noon,front_frame_00000110,2,evaluation_20260909/ladder_falling_from_truck/noon__storm/front_frame_00000110.png,12c1e61704b541867070f4439149034015e405e056f41307277dae61d54fb8ca,1280,720,human_verified
ladder_falling_from_truck,Ladder falling from vehicle,dynamic_object,Heavy Rainy,Noon,front_frame_00000130,3,evaluation_20260909/ladder_falling_from_truck/noon__storm/front_frame_00000130.png,e7d5143c862ce3dad76554c2d25bea9934d47de5ffa7fcc69fdc900f563d0126,1280,720,human_verified
ladder_falling_from_truck,Ladder falling from vehicle,dynamic_object,Heavy Rainy,Noon,front_frame_00000160,4,evaluation_20260909/ladder_falling_from_truck/noon__storm/front_frame_00000160.png,93a84f3114f008be923d86030381863b043a2e6ce13aea2bd9536963fd155a23,1280,720,human_verified
ladder_falling_from_truck,Ladder falling from vehicle,dynamic_object,Heavy Rainy,Noon,front_frame_00000201,5,evaluation_20260909/ladder_falling_from_truck/noon__storm/front_frame_00000201.png,2ee46cc8b520cc379428b63549e89d974690b2f93fa759a8cf9744f65f0eeeda,1280,720,human_verified
ladder_falling_from_truck,Ladder falling from vehicle,dynamic_object,Stormy,Noon,front_frame_00000090,1,evaluation_20260909/ladder_falling_from_truck/noon__worst/front_frame_00000090.png,40447d0ceb81d0eb9b7bd664406a770e1ebd83cdbab5aa2830980d59729bb6f8,1280,720,human_verified
ladder_falling_from_truck,Ladder falling from vehicle,dynamic_object,Stormy,Noon,front_frame_00000110,2,evaluation_20260909/ladder_falling_from_truck/noon__worst/front_frame_00000110.png,72b467ae9f564125921d7a19568445c0ecd6c3a640fbf543ddb9d9dda14bdc66,1280,720,human_verified
ladder_falling_from_truck,Ladder falling from vehicle,dynamic_object,Stormy,Noon,front_frame_00000130,3,evaluation_20260909/ladder_falling_from_truck/noon__worst/front_frame_00000130.png,7e7603f88148db46dae03ada5e31924e37d7dc59bad01b46997f8d8675353b14,1280,720,human_verified
ladder_falling_from_truck,Ladder falling from vehicle,dynamic_object,Stormy,Noon,front_frame_00000160,4,evaluation_20260909/ladder_falling_from_truck/noon__worst/front_frame_00000160.png,243bd9d6c44320f353a463c41db411461d5c74c6679cfbb3ccf47a5128e1f1cb,1280,720,human_verified
ladder_falling_from_truck,Ladder falling from vehicle,dynamic_object,Stormy,Noon,front_frame_00000201,5,evaluation_20260909/ladder_falling_from_truck/noon__worst/front_frame_00000201.png,c35026b109f0e9f271d26eede132051745d4e0dc4c0440012762ac0d61ccb57d,1280,720,human_verified
landslide_debris,Landslide debris,obstruction,Clear,Night,front_frame_00000040,1,evaluation_20260909/landslide_debris/night__clear/front_frame_00000040.png,6a8cea674bb3df55a8ade13bdce5a3cf718494acbb33773a8c776a3e1deeee5e,1280,720,human_verified
landslide_debris,Landslide debris,obstruction,Clear,Night,front_frame_00000100,2,evaluation_20260909/landslide_debris/night__clear/front_frame_00000100.png,258f14a67eaadae4bf1a1c2e001d0495b1a680a2531155dcdeeb0bdb7b529bc1,1280,720,human_verified
landslide_debris,Landslide debris,obstruction,Clear,Night,front_frame_00000150,3,evaluation_20260909/landslide_debris/night__clear/front_frame_00000150.png,a9154eb9254ed545ad59b7ee33e6f319f621be7b5a48e5c727f1201a7c07a2a7,1280,720,human_verified
landslide_debris,Landslide debris,obstruction,Clear,Night,front_frame_00000193,4,evaluation_20260909/landslide_debris/night__clear/front_frame_00000193.png,6739c1d41272a48e00da2cd2f94e31d073896dadff9cc2b6ce03b8548ec45d0b,1280,720,human_verified
landslide_debris,Landslide debris,obstruction,Clear,Night,front_frame_00000300,5,evaluation_20260909/landslide_debris/night__clear/front_frame_00000300.png,efb8d4c37d6cd22f6b5d3f469b9fc5cb52c44281accafc2239ba9d2e912c3ad6,1280,720,human_verified
landslide_debris,Landslide debris,obstruction,Foggy,Night,front_frame_00000040,1,evaluation_20260909/landslide_debris/night__foggy/front_frame_00000040.png,45fca6903812d9861c06cb19851de94db03d62ffc3c09327ed79970a97b7847b,1280,720,human_verified
landslide_debris,Landslide debris,obstruction,Foggy,Night,front_frame_00000100,2,evaluation_20260909/landslide_debris/night__foggy/front_frame_00000100.png,c059c2af58af9d0a5357f001f89f898d0883dbd4572a1282f751d11d996577d9,1280,720,human_verified
landslide_debris,Landslide debris,obstruction,Foggy,Night,front_frame_00000150,3,evaluation_20260909/landslide_debris/night__foggy/front_frame_00000150.png,56412110fac3ccce4f3b7d87302c71803c2e3a1e5d67e3e2365808d12d494c20,1280,720,human_verified
landslide_debris,Landslide debris,obstruction,Foggy,Night,front_frame_00000193,4,evaluation_20260909/landslide_debris/night__foggy/front_frame_00000193.png,aea32e3efab6113bc1b816d229af93f7ff250d5bbca9ce4402009042ee72bb29,1280,720,human_verified
landslide_debris,Landslide debris,obstruction,Foggy,Night,front_frame_00000300,5,evaluation_20260909/landslide_debris/night__foggy/front_frame_00000300.png,507e4d64f2cff4ecc76b0d047aef5858b60a78ddd8cc2b9aaf66fa870294f11c,1280,720,human_verified
landslide_debris,Landslide debris,obstruction,Heavy Rainy,Night,front_frame_00000040,1,evaluation_20260909/landslide_debris/night__storm/front_frame_00000040.png,2959cb0c33cb3eafc501d9b0d017d298ff587e665a5f4c96918c8e0e2b576729,1280,720,human_verified
landslide_debris,Landslide debris,obstruction,Heavy Rainy,Night,front_frame_00000100,2,evaluation_20260909/landslide_debris/night__storm/front_frame_00000100.png,f61da94432393e622c729f08d28134ba5a915e59011f03982b3ddaae0c9c1336,1280,720,human_verified
landslide_debris,Landslide debris,obstruction,Heavy Rainy,Night,front_frame_00000150,3,evaluation_20260909/landslide_debris/night__storm/front_frame_00000150.png,2ba658b0f83b03f5e0fa8343b9ac438129ed04e3d7b1d7e129e9e672c25bd7d0,1280,720,human_verified
landslide_debris,Landslide debris,obstruction,Heavy Rainy,Night,front_frame_00000193,4,evaluation_20260909/landslide_debris/night__storm/front_frame_00000193.png,3843a00d9d3b92955e71ece2cbadcd7a8b1e2ded1e7071c631fca41dc4f86eec,1280,720,human_verified
landslide_debris,Landslide debris,obstruction,Heavy Rainy,Night,front_frame_00000300,5,evaluation_20260909/landslide_debris/night__storm/front_frame_00000300.png,d2f2d6d30441e99c3b04bf208aa82b3e70663101a003dff2ea949b4898075d2b,1280,720,human_verified
landslide_debris,Landslide debris,obstruction,Stormy,Night,front_frame_00000040,1,evaluation_20260909/landslide_debris/night__worst/front_frame_00000040.png,d0c51e3727c60918205a8382c688680447c22286556f8390cb23be9a48042d0a,1280,720,human_verified
landslide_debris,Landslide debris,obstruction,Stormy,Night,front_frame_00000100,2,evaluation_20260909/landslide_debris/night__worst/front_frame_00000100.png,7a4b492020dc2138b40cd5cb68023d340373e5efb50131e70b8447740a550bfd,1280,720,human_verified
landslide_debris,Landslide debris,obstruction,Stormy,Night,front_frame_00000150,3,evaluation_20260909/landslide_debris/night__worst/front_frame_00000150.png,c5d7b09ccb7c969e057565718f3edf613317970ac3d2f84ca1953917445976b6,1280,720,human_verified
landslide_debris,Landslide debris,obstruction,Stormy,Night,front_frame_00000193,4,evaluation_20260909/landslide_debris/night__worst/front_frame_00000193.png,ed86e247aaab57d2a40000c0ba60e43a9d40b9888bd74ee7046f10cdfa61e3ba,1280,720,human_verified
landslide_debris,Landslide debris,obstruction,Stormy,Night,front_frame_00000300,5,evaluation_20260909/landslide_debris/night__worst/front_frame_00000300.png,768569dba3f936d14cb420c8730a58101e4e265072a105013f326fcc2dbc861c,1280,720,human_verified
landslide_debris,Landslide debris,obstruction,Clear,Noon,front_frame_00000040,1,evaluation_20260909/landslide_debris/noon__clear/front_frame_00000040.png,ce13c2399dda24fb7bf32252f698454dcb0eef830f1a9cb15dcac5a6478b3d37,1280,720,human_verified
landslide_debris,Landslide debris,obstruction,Clear,Noon,front_frame_00000100,2,evaluation_20260909/landslide_debris/noon__clear/front_frame_00000100.png,0136e472733b2fff8b16ea7bece17f109a64652076a28c4836b94defb6fbe8e3,1280,720,human_verified
landslide_debris,Landslide debris,obstruction,Clear,Noon,front_frame_00000150,3,evaluation_20260909/landslide_debris/noon__clear/front_frame_00000150.png,44414c9099d4701eebd9a5a4ef78962596690422198a0f502d5588fab84b2fa4,1280,720,human_verified
landslide_debris,Landslide debris,obstruction,Clear,Noon,front_frame_00000193,4,evaluation_20260909/landslide_debris/noon__clear/front_frame_00000193.png,1e27f7709cfe7d4419db958e09e62a6dadc593f6869143552227e14f8797dab8,1280,720,human_verified
landslide_debris,Landslide debris,obstruction,Clear,Noon,front_frame_00000300,5,evaluation_20260909/landslide_debris/noon__clear/front_frame_00000300.png,d91b941514bc98333c8d05c0002bd7215091617755ea7c2dcf0564785f6efad0,1280,720,human_verified
landslide_debris,Landslide debris,obstruction,Foggy,Noon,front_frame_00000040,1,evaluation_20260909/landslide_debris/noon__foggy/front_frame_00000040.png,773e85b6f23ff9caa69944ca19fb3a62b885cac4d06eabe09c4dc77f9644b454,1280,720,human_verified
landslide_debris,Landslide debris,obstruction,Foggy,Noon,front_frame_00000100,2,evaluation_20260909/landslide_debris/noon__foggy/front_frame_00000100.png,5f978418c687b162a1adb4095575bd6c57d714e7dd05a67415b784f08b1f65e5,1280,720,human_verified
landslide_debris,Landslide debris,obstruction,Foggy,Noon,front_frame_00000150,3,evaluation_20260909/landslide_debris/noon__foggy/front_frame_00000150.png,57b06daf62e855a07443536f8e65344932fa648f5c53c0f1c23cba170d7bdec2,1280,720,human_verified
landslide_debris,Landslide debris,obstruction,Foggy,Noon,front_frame_00000193,4,evaluation_20260909/landslide_debris/noon__foggy/front_frame_00000193.png,b25dd743b3363a77ed941c637bc4758bfad0d54437f99ec3a951c304976e361a,1280,720,human_verified
landslide_debris,Landslide debris,obstruction,Foggy,Noon,front_frame_00000300,5,evaluation_20260909/landslide_debris/noon__foggy/front_frame_00000300.png,f9f422467b736f15a93f4821403d8d83f3f74d313b631ce35b52d620e9a3d62d,1280,720,human_verified
landslide_debris,Landslide debris,obstruction,Heavy Rainy,Noon,front_frame_00000040,1,evaluation_20260909/landslide_debris/noon__storm/front_frame_00000040.png,31806f154844049146f063ca29c0561a7c3721012fe4c79024de15f7e619eafa,1280,720,human_verified
landslide_debris,Landslide debris,obstruction,Heavy Rainy,Noon,front_frame_00000100,2,evaluation_20260909/landslide_debris/noon__storm/front_frame_00000100.png,c7917064641c8e4150f8c4bfe366c0297cb549b370a2c0b8fa4f3d81c5f12b88,1280,720,human_verified
landslide_debris,Landslide debris,obstruction,Heavy Rainy,Noon,front_frame_00000150,3,evaluation_20260909/landslide_debris/noon__storm/front_frame_00000150.png,d0da1ab2004eadc1c6bba078a2ec1cc2bdb98612f76a573e23085299cab3e2d7,1280,720,human_verified
landslide_debris,Landslide debris,obstruction,Heavy Rainy,Noon,front_frame_00000193,4,evaluation_20260909/landslide_debris/noon__storm/front_frame_00000193.png,8e5d106fe7219de0975902147c2e9c18a8c8657f549806363b7b2489e1209307,1280,720,human_verified
landslide_debris,Landslide debris,obstruction,Heavy Rainy,Noon,front_frame_00000300,5,evaluation_20260909/landslide_debris/noon__storm/front_frame_00000300.png,4391da195eecea8bc43e5ad6ada65fd33d9689d6625d79db541a3c35044faca6,1280,720,human_verified
landslide_debris,Landslide debris,obstruction,Stormy,Noon,front_frame_00000040,1,evaluation_20260909/landslide_debris/noon__worst/front_frame_00000040.png,f7beac4b0443f3127644bcd0022f4a953557d16d2bdec15c0d17b5442dd7732f,1280,720,human_verified
landslide_debris,Landslide debris,obstruction,Stormy,Noon,front_frame_00000100,2,evaluation_20260909/landslide_debris/noon__worst/front_frame_00000100.png,c7504bcb0aae42d6b06c46812bec0be9e0b78e6a636d821dcb72ad10919cf705,1280,720,human_verified
landslide_debris,Landslide debris,obstruction,Stormy,Noon,front_frame_00000150,3,evaluation_20260909/landslide_debris/noon__worst/front_frame_00000150.png,e15035e7af748ef0830a66749bc4e6aec0485dd960cb655b61c70362df825eb6,1280,720,human_verified
landslide_debris,Landslide debris,obstruction,Stormy,Noon,front_frame_00000193,4,evaluation_20260909/landslide_debris/noon__worst/front_frame_00000193.png,d24a5bc655706a7d227e47228de32614b8c0cf863e18b627855873a5ff13d3e1,1280,720,human_verified
landslide_debris,Landslide debris,obstruction,Stormy,Noon,front_frame_00000300,5,evaluation_20260909/landslide_debris/noon__worst/front_frame_00000300.png,3d454cc0a0f570369b396bbd7a32d90587c013a8e6462ba5933fe0db7cd419b9,1280,720,human_verified
oil_spill_hazard,Oil spill hazard,environmental,Clear,Night,front_frame_00000040,1,evaluation_20260909/oil_spill_hazard/night__clear/front_frame_00000040.png,5d5d808c6b49c56f7ca9b0c71a0e900664cf77257e7c801e03bb3ea9a93c7731,1280,720,human_verified
oil_spill_hazard,Oil spill hazard,environmental,Clear,Night,front_frame_00000120,2,evaluation_20260909/oil_spill_hazard/night__clear/front_frame_00000120.png,0aa33c8bb8b6a6d367c7e7e6ff34bedd3697ca80e0602e874ebe4028788ef0d8,1280,720,human_verified
oil_spill_hazard,Oil spill hazard,environmental,Clear,Night,front_frame_00000180,3,evaluation_20260909/oil_spill_hazard/night__clear/front_frame_00000180.png,b5c81652420c6116dbdc07cd0d1a389b7d0305359e95c5bacc69e24ed50614c5,1280,720,human_verified
oil_spill_hazard,Oil spill hazard,environmental,Clear,Night,front_frame_00000260,4,evaluation_20260909/oil_spill_hazard/night__clear/front_frame_00000260.png,3e5c13559fe27b5888cb81a341aedc5acf3082a1dade3922b7b83a1c4b01f99e,1280,720,human_verified
oil_spill_hazard,Oil spill hazard,environmental,Clear,Night,front_frame_00000360,5,evaluation_20260909/oil_spill_hazard/night__clear/front_frame_00000360.png,214b8a096ef5c8f264cf052d550bc9a0711f3c6958d0c0c1650329eb34132bb3,1280,720,human_verified
oil_spill_hazard,Oil spill hazard,environmental,Foggy,Night,front_frame_00000040,1,evaluation_20260909/oil_spill_hazard/night__foggy/front_frame_00000040.png,4ce823baa2025ae32187b7fd4c5768fe45aeda6032a4cff66f233cc5429a70bb,1280,720,human_verified
oil_spill_hazard,Oil spill hazard,environmental,Foggy,Night,front_frame_00000120,2,evaluation_20260909/oil_spill_hazard/night__foggy/front_frame_00000120.png,0e8a8c64ccbfd42883ba89b782300abbae7ee963c5616a5b823b66954e162bdf,1280,720,human_verified
oil_spill_hazard,Oil spill hazard,environmental,Foggy,Night,front_frame_00000180,3,evaluation_20260909/oil_spill_hazard/night__foggy/front_frame_00000180.png,a3617fc6aaf1dad8b6b9a4aceb1553afcdb24874ce8c3eb35ecd272615da5da4,1280,720,human_verified
oil_spill_hazard,Oil spill hazard,environmental,Foggy,Night,front_frame_00000260,4,evaluation_20260909/oil_spill_hazard/night__foggy/front_frame_00000260.png,c56383819be567ac68cf3015dd778b1d5210b5c891c3c48e2b03f54adf1ee613,1280,720,human_verified
oil_spill_hazard,Oil spill hazard,environmental,Foggy,Night,front_frame_00000360,5,evaluation_20260909/oil_spill_hazard/night__foggy/front_frame_00000360.png,58dd71f64db2a3cd4107c2054be75e262ff324b13316033ec597cae2a9886c0a,1280,720,human_verified
oil_spill_hazard,Oil spill hazard,environmental,Heavy Rainy,Night,front_frame_00000040,1,evaluation_20260909/oil_spill_hazard/night__storm/front_frame_00000040.png,dc8c80ccb7b4dd752c5c80081294536cee66e4ad37c3d0a87c921e5b832c73d9,1280,720,human_verified
oil_spill_hazard,Oil spill hazard,environmental,Heavy Rainy,Night,front_frame_00000120,2,evaluation_20260909/oil_spill_hazard/night__storm/front_frame_00000120.png,5072899141b9baf10117c952cf8faf574c1bc57541204af6105a397a956c05c8,1280,720,human_verified
oil_spill_hazard,Oil spill hazard,environmental,Heavy Rainy,Night,front_frame_00000180,3,evaluation_20260909/oil_spill_hazard/night__storm/front_frame_00000180.png,d95d522a3b36d8494cbd6d293f08f67a537369e617e12d051af212b4a376415b,1280,720,human_verified
oil_spill_hazard,Oil spill hazard,environmental,Heavy Rainy,Night,front_frame_00000260,4,evaluation_20260909/oil_spill_hazard/night__storm/front_frame_00000260.png,c02e1392190d7d64c28b17b786194cebc9e5805e34996684741af04271463316,1280,720,human_verified
oil_spill_hazard,Oil spill hazard,environmental,Heavy Rainy,Night,front_frame_00000360,5,evaluation_20260909/oil_spill_hazard/night__storm/front_frame_00000360.png,fb788520491e073f456f01e6c087d44428bbf4ed87e3d49f12c647419e341cb1,1280,720,human_verified
oil_spill_hazard,Oil spill hazard,environmental,Stormy,Night,front_frame_00000040,1,evaluation_20260909/oil_spill_hazard/night__worst/front_frame_00000040.png,94584e294ae917f718f1e4c7082c73d46f99f9eaed1e61f9cdd0ca1973443938,1280,720,human_verified
oil_spill_hazard,Oil spill hazard,environmental,Stormy,Night,front_frame_00000120,2,evaluation_20260909/oil_spill_hazard/night__worst/front_frame_00000120.png,9a6d702565a9dd6c84b62ac910fb4a742d839c995cab87784d91e4107563cfda,1280,720,human_verified
oil_spill_hazard,Oil spill hazard,environmental,Stormy,Night,front_frame_00000180,3,evaluation_20260909/oil_spill_hazard/night__worst/front_frame_00000180.png,eeaa8766e7c105d9fbd6e7e4c6874fa7970ddb8b468e73250dd56ac531f963be,1280,720,human_verified
oil_spill_hazard,Oil spill hazard,environmental,Stormy,Night,front_frame_00000260,4,evaluation_20260909/oil_spill_hazard/night__worst/front_frame_00000260.png,67ffa99b3b62e0f9a046054b58eaf9bf737bbdd3c5b04d681f9876f96d1c2107,1280,720,human_verified
oil_spill_hazard,Oil spill hazard,environmental,Stormy,Night,front_frame_00000360,5,evaluation_20260909/oil_spill_hazard/night__worst/front_frame_00000360.png,b4d3ff30dddf248d39443a03eca6ad0c10502ad89304df1d09fe43e5f25a5a82,1280,720,human_verified
oil_spill_hazard,Oil spill hazard,environmental,Clear,Noon,front_frame_00000040,1,evaluation_20260909/oil_spill_hazard/noon__clear/front_frame_00000040.png,d990f4bb71fc7ab9b58b908003cf9b8a2e42f5036ae45e857d6835bbb5f7d59a,1280,720,human_verified
oil_spill_hazard,Oil spill hazard,environmental,Clear,Noon,front_frame_00000120,2,evaluation_20260909/oil_spill_hazard/noon__clear/front_frame_00000120.png,2bd08c06840fb142876778a3890f6447b4a6f052f7c1e3b8139f4672538fd13c,1280,720,human_verified
oil_spill_hazard,Oil spill hazard,environmental,Clear,Noon,front_frame_00000180,3,evaluation_20260909/oil_spill_hazard/noon__clear/front_frame_00000180.png,44809e9ed4d5e7eec822b4356f4858c7abbdb0da42ef63648b3450a90bf7e24d,1280,720,human_verified
oil_spill_hazard,Oil spill hazard,environmental,Clear,Noon,front_frame_00000260,4,evaluation_20260909/oil_spill_hazard/noon__clear/front_frame_00000260.png,a0acecb210bcc7bf80005479e43a3d11c1782fe2f5449445bb428f3f45703da8,1280,720,human_verified
oil_spill_hazard,Oil spill hazard,environmental,Clear,Noon,front_frame_00000360,5,evaluation_20260909/oil_spill_hazard/noon__clear/front_frame_00000360.png,913aa6f1e8cfc8c4860cf7767f8df30e2e25a825c41f8599b2b5a54f8653967e,1280,720,human_verified
oil_spill_hazard,Oil spill hazard,environmental,Foggy,Noon,front_frame_00000040,1,evaluation_20260909/oil_spill_hazard/noon__foggy/front_frame_00000040.png,3422c0c2c67582b93e1cbcb23d2dc66f8fcfe9ed8648b7e4264143305096f880,1280,720,human_verified
oil_spill_hazard,Oil spill hazard,environmental,Foggy,Noon,front_frame_00000120,2,evaluation_20260909/oil_spill_hazard/noon__foggy/front_frame_00000120.png,ebe93d4846129ffd99d39b725111016e236db510f354c114d391f222dc7ade0c,1280,720,human_verified
oil_spill_hazard,Oil spill hazard,environmental,Foggy,Noon,front_frame_00000180,3,evaluation_20260909/oil_spill_hazard/noon__foggy/front_frame_00000180.png,7041c696cec49e693dda6037c581926bc5f9750b8a55a21ecb892b8beb7e9740,1280,720,human_verified
oil_spill_hazard,Oil spill hazard,environmental,Foggy,Noon,front_frame_00000260,4,evaluation_20260909/oil_spill_hazard/noon__foggy/front_frame_00000260.png,3094070cfb3a85df7b2ffa7050d35c041249d4a8f400c159929d95638aaafcc2,1280,720,human_verified
oil_spill_hazard,Oil spill hazard,environmental,Foggy,Noon,front_frame_00000360,5,evaluation_20260909/oil_spill_hazard/noon__foggy/front_frame_00000360.png,003cd2860ca661bea8a203e34b0080c1e89ad9cbe7da57bbd8663566803a6ca4,1280,720,human_verified
oil_spill_hazard,Oil spill hazard,environmental,Heavy Rainy,Noon,front_frame_00000040,1,evaluation_20260909/oil_spill_hazard/noon__storm/front_frame_00000040.png,7601989181c54abfe8dd2319e3619f55b435cf611ac92625002ec0d8b1d2cb99,1280,720,human_verified
oil_spill_hazard,Oil spill hazard,environmental,Heavy Rainy,Noon,front_frame_00000120,2,evaluation_20260909/oil_spill_hazard/noon__storm/front_frame_00000120.png,23dac357a338f31f10daed3165304e35aca8e295b825f5f5e9e4c834aa869ace,1280,720,human_verified
oil_spill_hazard,Oil spill hazard,environmental,Heavy Rainy,Noon,front_frame_00000180,3,evaluation_20260909/oil_spill_hazard/noon__storm/front_frame_00000180.png,b80523e4f8eb687a6e870d9b965038523ea4fe99b744a215ac606b0af9a48037,1280,720,human_verified
oil_spill_hazard,Oil spill hazard,environmental,Heavy Rainy,Noon,front_frame_00000260,4,evaluation_20260909/oil_spill_hazard/noon__storm/front_frame_00000260.png,759406b35b9b615427dabdc4e921f3870c0f41517a828671f58e206768cd0902,1280,720,human_verified
oil_spill_hazard,Oil spill hazard,environmental,Heavy Rainy,Noon,front_frame_00000360,5,evaluation_20260909/oil_spill_hazard/noon__storm/front_frame_00000360.png,ef8c808597173c31f6d7a4bfd76db8abb971d55ab6aebf750fb6f6d2c19d9037,1280,720,human_verified
oil_spill_hazard,Oil spill hazard,environmental,Stormy,Noon,front_frame_00000040,1,evaluation_20260909/oil_spill_hazard/noon__worst/front_frame_00000040.png,3a294b7c8c10760d110c548347d6fe83d47e34f8ed283d36b0bc622bdbfed8e2,1280,720,human_verified
oil_spill_hazard,Oil spill hazard,environmental,Stormy,Noon,front_frame_00000120,2,evaluation_20260909/oil_spill_hazard/noon__worst/front_frame_00000120.png,d36abc99ff0caad45a9274f5595b4998d5a2c1b2500538f3c788a3e671bb1d06,1280,720,human_verified
oil_spill_hazard,Oil spill hazard,environmental,Stormy,Noon,front_frame_00000180,3,evaluation_20260909/oil_spill_hazard/noon__worst/front_frame_00000180.png,6b33fbddd5b977c106ddb451e5a271b8ebb38526825a834c0d394729edbcc688,1280,720,human_verified
oil_spill_hazard,Oil spill hazard,environmental,Stormy,Noon,front_frame_00000260,4,evaluation_20260909/oil_spill_hazard/noon__worst/front_frame_00000260.png,234583b62443c48845868dbce55a99feef482bb908efce45e8577dc53d4d69bf,1280,720,human_verified
oil_spill_hazard,Oil spill hazard,environmental,Stormy,Noon,front_frame_00000360,5,evaluation_20260909/oil_spill_hazard/noon__worst/front_frame_00000360.png,9cb41c878853d6852ad8fe227636b9aa91c73e1963e25208ab1c5dcc90e32197,1280,720,human_verified
oncoming_flying_tire,Tire flying from opposite,dynamic_object,Clear,Night,front_frame_00000110,1,evaluation_20260909/oncoming_flying_tire/night__clear/front_frame_00000110.png,96077af9294c4f3ddeafa001e51f7a78070a2eebd8ce3a38470174aab484cf15,1280,720,human_verified
oncoming_flying_tire,Tire flying from opposite,dynamic_object,Clear,Night,front_frame_00000116,2,evaluation_20260909/oncoming_flying_tire/night__clear/front_frame_00000116.png,4218258789447d25e00849eaf835b6a6f8b1c289eae23d9c2a6de02341f4db16,1280,720,human_verified
oncoming_flying_tire,Tire flying from opposite,dynamic_object,Clear,Night,front_frame_00000122,3,evaluation_20260909/oncoming_flying_tire/night__clear/front_frame_00000122.png,77d87b2331fdcaea7e98cde2f3ee5ddab6144a2201d3b93c8c24cd03174ecbab,1280,720,human_verified
oncoming_flying_tire,Tire flying from opposite,dynamic_object,Clear,Night,front_frame_00000128,4,evaluation_20260909/oncoming_flying_tire/night__clear/front_frame_00000128.png,191443f36805d276a1031785e6a4e9b407a4b75dd7dfdb0fc2c7fbd6e92988d2,1280,720,human_verified
oncoming_flying_tire,Tire flying from opposite,dynamic_object,Clear,Night,front_frame_00000134,5,evaluation_20260909/oncoming_flying_tire/night__clear/front_frame_00000134.png,a1eafe141df727929232536aab35d071c34828e799f28f62355917b79c6667e4,1280,720,human_verified
oncoming_flying_tire,Tire flying from opposite,dynamic_object,Foggy,Night,front_frame_00000110,1,evaluation_20260909/oncoming_flying_tire/night__foggy/front_frame_00000110.png,74e8d0957aee3d076e2c443e169872ddd375c3782e3aa21811bb5458ac1e9cff,1280,720,human_verified
oncoming_flying_tire,Tire flying from opposite,dynamic_object,Foggy,Night,front_frame_00000116,2,evaluation_20260909/oncoming_flying_tire/night__foggy/front_frame_00000116.png,b893f68a8b6367312a0e878a2564b2dd79f43bb88982c87cd12c79b5fd082998,1280,720,human_verified
oncoming_flying_tire,Tire flying from opposite,dynamic_object,Foggy,Night,front_frame_00000122,3,evaluation_20260909/oncoming_flying_tire/night__foggy/front_frame_00000122.png,f4eb55a3b69270c80b241fb6ec617612278530b2b3a3317524fb997f5430e064,1280,720,human_verified
oncoming_flying_tire,Tire flying from opposite,dynamic_object,Foggy,Night,front_frame_00000128,4,evaluation_20260909/oncoming_flying_tire/night__foggy/front_frame_00000128.png,e4e1d38f7fb96437c18cefb46cffb4a1f8e5f492f0cd7a9be35359411497a2e3,1280,720,human_verified
oncoming_flying_tire,Tire flying from opposite,dynamic_object,Foggy,Night,front_frame_00000134,5,evaluation_20260909/oncoming_flying_tire/night__foggy/front_frame_00000134.png,6261fb4dd38168ff536eb119491c46c61a48be98726a41bd6b874dd30cc13b65,1280,720,human_verified
oncoming_flying_tire,Tire flying from opposite,dynamic_object,Heavy Rainy,Night,front_frame_00000110,1,evaluation_20260909/oncoming_flying_tire/night__storm/front_frame_00000110.png,741a1a53031a58f86a55e4164da77275a2ec6e366e888b1b0dbc069da9d85453,1280,720,human_verified
oncoming_flying_tire,Tire flying from opposite,dynamic_object,Heavy Rainy,Night,front_frame_00000116,2,evaluation_20260909/oncoming_flying_tire/night__storm/front_frame_00000116.png,5ad8bc44d737ba0900b45c90d63d5ae66b8ba6c584759ac244dedf64c32d0f4b,1280,720,human_verified
oncoming_flying_tire,Tire flying from opposite,dynamic_object,Heavy Rainy,Night,front_frame_00000122,3,evaluation_20260909/oncoming_flying_tire/night__storm/front_frame_00000122.png,7059a72c5ad5defeca34c479b081911af0276b2eed36ba896e4dbbe93ad0070d,1280,720,human_verified
oncoming_flying_tire,Tire flying from opposite,dynamic_object,Heavy Rainy,Night,front_frame_00000128,4,evaluation_20260909/oncoming_flying_tire/night__storm/front_frame_00000128.png,a221f7cbe71c21930c3ae0ca50d7888db5436d0662d4f23e099911f65272441b,1280,720,human_verified
oncoming_flying_tire,Tire flying from opposite,dynamic_object,Heavy Rainy,Night,front_frame_00000134,5,evaluation_20260909/oncoming_flying_tire/night__storm/front_frame_00000134.png,d8755687c754c588d27ba8982985f36e4fd14c2ca3feb14eeab3ab916f3cd6aa,1280,720,human_verified
oncoming_flying_tire,Tire flying from opposite,dynamic_object,Stormy,Night,front_frame_00000110,1,evaluation_20260909/oncoming_flying_tire/night__worst/front_frame_00000110.png,f967105e85897f48c35df18208cd8dfd36ee85a0785884b42b57fd64f3e04d6f,1280,720,human_verified
oncoming_flying_tire,Tire flying from opposite,dynamic_object,Stormy,Night,front_frame_00000116,2,evaluation_20260909/oncoming_flying_tire/night__worst/front_frame_00000116.png,4505f9478604af72089f962e31c207c9b946681a6a6e54c93b5efc2ff10fe5a7,1280,720,human_verified
oncoming_flying_tire,Tire flying from opposite,dynamic_object,Stormy,Night,front_frame_00000122,3,evaluation_20260909/oncoming_flying_tire/night__worst/front_frame_00000122.png,83af136ab057e252b4aa13ce9ecbcf2b16539ddd537334ad2f613684e45237ba,1280,720,human_verified
oncoming_flying_tire,Tire flying from opposite,dynamic_object,Stormy,Night,front_frame_00000128,4,evaluation_20260909/oncoming_flying_tire/night__worst/front_frame_00000128.png,53a757f2adfda5f7160c92339a0670e1da7904bcc993992077b96f8b62acf2f4,1280,720,human_verified
oncoming_flying_tire,Tire flying from opposite,dynamic_object,Stormy,Night,front_frame_00000134,5,evaluation_20260909/oncoming_flying_tire/night__worst/front_frame_00000134.png,ec14f1abeaa831c2c54225c496d93642f1069a402a9aa64d0788394dc60d81f3,1280,720,human_verified
oncoming_flying_tire,Tire flying from opposite,dynamic_object,Clear,Noon,front_frame_00000110,1,evaluation_20260909/oncoming_flying_tire/noon__clear/front_frame_00000110.png,86100c339922271dfad8551fd9f354320fc163b5b8ac363e69e32bbe049ee61a,1280,720,human_verified
oncoming_flying_tire,Tire flying from opposite,dynamic_object,Clear,Noon,front_frame_00000116,2,evaluation_20260909/oncoming_flying_tire/noon__clear/front_frame_00000116.png,997988126403d9fe9ce6b156ca7a0c0693517d483ea2cdbfa5b7eeeef94e2ad1,1280,720,human_verified
oncoming_flying_tire,Tire flying from opposite,dynamic_object,Clear,Noon,front_frame_00000122,3,evaluation_20260909/oncoming_flying_tire/noon__clear/front_frame_00000122.png,8dd015a98747ce2dc3dfc0775681f9c5d614846d3da4b3c2bda23ee55862ea89,1280,720,human_verified
oncoming_flying_tire,Tire flying from opposite,dynamic_object,Clear,Noon,front_frame_00000128,4,evaluation_20260909/oncoming_flying_tire/noon__clear/front_frame_00000128.png,4602773c5edc109070503cd0af7e582c909809cb552c98831db3926a2279c7f3,1280,720,human_verified
oncoming_flying_tire,Tire flying from opposite,dynamic_object,Clear,Noon,front_frame_00000134,5,evaluation_20260909/oncoming_flying_tire/noon__clear/front_frame_00000134.png,6e560775a72fb39a500063bf8a60ca0f20cc8516d64699f187b8770424e1e6cb,1280,720,human_verified
oncoming_flying_tire,Tire flying from opposite,dynamic_object,Foggy,Noon,front_frame_00000110,1,evaluation_20260909/oncoming_flying_tire/noon__foggy/front_frame_00000110.png,d81976d317a464304deef761a69cd58c11882907fc89cd9e7122ec4cc9a5fe82,1280,720,human_verified
oncoming_flying_tire,Tire flying from opposite,dynamic_object,Foggy,Noon,front_frame_00000116,2,evaluation_20260909/oncoming_flying_tire/noon__foggy/front_frame_00000116.png,7a4d10641c8d56e61d9b5b031f9b3e2735bd352b5cdccf0e8a4bce3f75bce695,1280,720,human_verified
oncoming_flying_tire,Tire flying from opposite,dynamic_object,Foggy,Noon,front_frame_00000122,3,evaluation_20260909/oncoming_flying_tire/noon__foggy/front_frame_00000122.png,c5a7e28988fbe42dbaf02d322d09bd71c9c072f81f2b842fd4d6971720fb0c7d,1280,720,human_verified
oncoming_flying_tire,Tire flying from opposite,dynamic_object,Foggy,Noon,front_frame_00000128,4,evaluation_20260909/oncoming_flying_tire/noon__foggy/front_frame_00000128.png,3653766737b4a8d6c29aa39d221aa7d65ecaad62748d135e010e592784ebe0c0,1280,720,human_verified
oncoming_flying_tire,Tire flying from opposite,dynamic_object,Foggy,Noon,front_frame_00000134,5,evaluation_20260909/oncoming_flying_tire/noon__foggy/front_frame_00000134.png,53fea76f7bea77e4d7910045d5f9f3b0dcf3ad79fb212cfcfc0e02b6b567643f,1280,720,human_verified
oncoming_flying_tire,Tire flying from opposite,dynamic_object,Heavy Rainy,Noon,front_frame_00000110,1,evaluation_20260909/oncoming_flying_tire/noon__storm/front_frame_00000110.png,c7247d889e01cd09406f670b2b5536389ca0d1bef5eb6bcd1a1ac9f0f343612c,1280,720,human_verified
oncoming_flying_tire,Tire flying from opposite,dynamic_object,Heavy Rainy,Noon,front_frame_00000116,2,evaluation_20260909/oncoming_flying_tire/noon__storm/front_frame_00000116.png,4646e600c50e480dda3df1aae13918d99c9c39fa8722e1c3bcfdca588404c6ad,1280,720,human_verified
oncoming_flying_tire,Tire flying from opposite,dynamic_object,Heavy Rainy,Noon,front_frame_00000122,3,evaluation_20260909/oncoming_flying_tire/noon__storm/front_frame_00000122.png,1f6cf376d626b394471843a9014031a1514d8b4c138882b74286615a73b3370f,1280,720,human_verified
oncoming_flying_tire,Tire flying from opposite,dynamic_object,Heavy Rainy,Noon,front_frame_00000128,4,evaluation_20260909/oncoming_flying_tire/noon__storm/front_frame_00000128.png,85aadc41eaec3345d2adac043a09b5233fa29cfde6f91453c42a38ca4853de62,1280,720,human_verified
oncoming_flying_tire,Tire flying from opposite,dynamic_object,Heavy Rainy,Noon,front_frame_00000134,5,evaluation_20260909/oncoming_flying_tire/noon__storm/front_frame_00000134.png,a2cd971bb313642ee1db4f5663c671d225d9b1172dd4cc2a49ac472cff98f8ea,1280,720,human_verified
oncoming_flying_tire,Tire flying from opposite,dynamic_object,Stormy,Noon,front_frame_00000110,1,evaluation_20260909/oncoming_flying_tire/noon__worst/front_frame_00000110.png,fbd3487fbf2b1a91306952e48d69a6d7304f7a358b3ec02422cb73ce076b0506,1280,720,human_verified
oncoming_flying_tire,Tire flying from opposite,dynamic_object,Stormy,Noon,front_frame_00000116,2,evaluation_20260909/oncoming_flying_tire/noon__worst/front_frame_00000116.png,50143fd0bed962f56306321b16cc788296a3b1fd5f13836d544d000d08f6207d,1280,720,human_verified
oncoming_flying_tire,Tire flying from opposite,dynamic_object,Stormy,Noon,front_frame_00000122,3,evaluation_20260909/oncoming_flying_tire/noon__worst/front_frame_00000122.png,7ad3a538c315eaf19e5ca824292944e635664f746b9faba4bdb643b4f7193526,1280,720,human_verified
oncoming_flying_tire,Tire flying from opposite,dynamic_object,Stormy,Noon,front_frame_00000128,4,evaluation_20260909/oncoming_flying_tire/noon__worst/front_frame_00000128.png,f1ab51ea6ea3f60032b6e52bd474474b0f0e1f41e2a24de5838cbf5fe10f6f8c,1280,720,human_verified
oncoming_flying_tire,Tire flying from opposite,dynamic_object,Stormy,Noon,front_frame_00000134,5,evaluation_20260909/oncoming_flying_tire/noon__worst/front_frame_00000134.png,e5fc89e73fdfe7d08d92c0be9631ea5ff670c4dbd316bb14abd82b7b3bdd2587,1280,720,human_verified
overhead_sign_collapse,Overhead sign collapse,obstruction,Clear,Night,front_frame_00000040,1,evaluation_20260909/overhead_sign_collapse/night__clear/front_frame_00000040.png,3a6f8afd7c07ab0b86ae632d10d0a6c7a90ce68d202b90155b49e9609233cafc,1280,720,human_verified
overhead_sign_collapse,Overhead sign collapse,obstruction,Clear,Night,front_frame_00000100,2,evaluation_20260909/overhead_sign_collapse/night__clear/front_frame_00000100.png,2889590fd7e4516e11ba929f32c0e75ff90d9c22d969a73ddd6407cfb6836f11,1280,720,human_verified
overhead_sign_collapse,Overhead sign collapse,obstruction,Clear,Night,front_frame_00000140,3,evaluation_20260909/overhead_sign_collapse/night__clear/front_frame_00000140.png,570406dcdea7fc0b306d967aad535deebfb01b8b17ecfc2ae713b6957cfbc835,1280,720,human_verified
overhead_sign_collapse,Overhead sign collapse,obstruction,Clear,Night,front_frame_00000200,4,evaluation_20260909/overhead_sign_collapse/night__clear/front_frame_00000200.png,4cae44e59018b855786e418f51e4d497ccc2c973e06fb657756645f10d4d082d,1280,720,human_verified
overhead_sign_collapse,Overhead sign collapse,obstruction,Clear,Night,front_frame_00000300,5,evaluation_20260909/overhead_sign_collapse/night__clear/front_frame_00000300.png,7c99914007b3bb210c0f219195441d8596ae5efd0b35e7e216f796e45eb4ad7b,1280,720,human_verified
overhead_sign_collapse,Overhead sign collapse,obstruction,Foggy,Night,front_frame_00000040,1,evaluation_20260909/overhead_sign_collapse/night__foggy/front_frame_00000040.png,2ac8647c43d99003e5a70f48b3fd0eb64b8e73d864d4fa451c759ada27373ab2,1280,720,human_verified
overhead_sign_collapse,Overhead sign collapse,obstruction,Foggy,Night,front_frame_00000100,2,evaluation_20260909/overhead_sign_collapse/night__foggy/front_frame_00000100.png,03b213281f18826b8c9ed4ad9b500f99e27ebdc3050792abc11bf1bbe68cc7e4,1280,720,human_verified
overhead_sign_collapse,Overhead sign collapse,obstruction,Foggy,Night,front_frame_00000140,3,evaluation_20260909/overhead_sign_collapse/night__foggy/front_frame_00000140.png,79a18a291591499fd3031bfe36585cae96c96d5fee2a0ebec7919d89871a42c3,1280,720,human_verified
overhead_sign_collapse,Overhead sign collapse,obstruction,Foggy,Night,front_frame_00000200,4,evaluation_20260909/overhead_sign_collapse/night__foggy/front_frame_00000200.png,fa54c51c1e8929eefc216aad1141d5e54223f96629ddba494fd16aaa8c1d0105,1280,720,human_verified
overhead_sign_collapse,Overhead sign collapse,obstruction,Foggy,Night,front_frame_00000300,5,evaluation_20260909/overhead_sign_collapse/night__foggy/front_frame_00000300.png,ffb43e7d3dfd64560820457b96ed6b0b771ae8dc24e80550e4bb1786e795efa9,1280,720,human_verified
overhead_sign_collapse,Overhead sign collapse,obstruction,Heavy Rainy,Night,front_frame_00000040,1,evaluation_20260909/overhead_sign_collapse/night__storm/front_frame_00000040.png,41d6c14293d0c88a2efba01a6b17f236ab7769d3b7621c4e38f3793213172f43,1280,720,human_verified
overhead_sign_collapse,Overhead sign collapse,obstruction,Heavy Rainy,Night,front_frame_00000100,2,evaluation_20260909/overhead_sign_collapse/night__storm/front_frame_00000100.png,cbf1e1d77ada7ea99c91b315c3e729e113d78b5cf4fd51cfd32aa858f3b98906,1280,720,human_verified
overhead_sign_collapse,Overhead sign collapse,obstruction,Heavy Rainy,Night,front_frame_00000140,3,evaluation_20260909/overhead_sign_collapse/night__storm/front_frame_00000140.png,b9f25c76bae71a6676162c65c5fb4f128c5f243c6c67e1b847a88f127625ced0,1280,720,human_verified
overhead_sign_collapse,Overhead sign collapse,obstruction,Heavy Rainy,Night,front_frame_00000200,4,evaluation_20260909/overhead_sign_collapse/night__storm/front_frame_00000200.png,757e892c785aa689aad2cf08be57df09c6ed7c03fc42db1e4d2c16c4e458d293,1280,720,human_verified
overhead_sign_collapse,Overhead sign collapse,obstruction,Heavy Rainy,Night,front_frame_00000300,5,evaluation_20260909/overhead_sign_collapse/night__storm/front_frame_00000300.png,0e3d97727545aae337f8bfc0a2dd749b7eb1455b118ad7420c4ffd52e139981a,1280,720,human_verified
overhead_sign_collapse,Overhead sign collapse,obstruction,Stormy,Night,front_frame_00000040,1,evaluation_20260909/overhead_sign_collapse/night__worst/front_frame_00000040.png,9f3a3bbe36b216934e3a380b6cdd21912fa867b4eb1f9bd898fb36fb11368204,1280,720,human_verified
overhead_sign_collapse,Overhead sign collapse,obstruction,Stormy,Night,front_frame_00000100,2,evaluation_20260909/overhead_sign_collapse/night__worst/front_frame_00000100.png,1046ca82d5b3c9eda2dffb33fae46a80aa8f2eb7de4d13a4c02d3515be93b119,1280,720,human_verified
overhead_sign_collapse,Overhead sign collapse,obstruction,Stormy,Night,front_frame_00000140,3,evaluation_20260909/overhead_sign_collapse/night__worst/front_frame_00000140.png,1105635aa1a3a44293d15d695c98c93180722b7730f6e7751fa391591ad225b6,1280,720,human_verified
overhead_sign_collapse,Overhead sign collapse,obstruction,Stormy,Night,front_frame_00000200,4,evaluation_20260909/overhead_sign_collapse/night__worst/front_frame_00000200.png,ceaa60eca923a47957fba8b69abae6c53cac9a65e660afa3b2a3fcd11cbb26a6,1280,720,human_verified
overhead_sign_collapse,Overhead sign collapse,obstruction,Stormy,Night,front_frame_00000300,5,evaluation_20260909/overhead_sign_collapse/night__worst/front_frame_00000300.png,ecb6cbc5f51dc03683fdba4acd93c2a3b4ec49e607bf6d3d9b2153c6b6d71f22,1280,720,human_verified
overhead_sign_collapse,Overhead sign collapse,obstruction,Clear,Noon,front_frame_00000040,1,evaluation_20260909/overhead_sign_collapse/noon__clear/front_frame_00000040.png,614d0fa78c81cbfce35d05693060e070bbb676f42b08af95bb1fc7afd2e99397,1280,720,human_verified
overhead_sign_collapse,Overhead sign collapse,obstruction,Clear,Noon,front_frame_00000100,2,evaluation_20260909/overhead_sign_collapse/noon__clear/front_frame_00000100.png,cb2a5919712c74cc34ccacef9f7598963e66e79312378883c7437ddfb5f36587,1280,720,human_verified
overhead_sign_collapse,Overhead sign collapse,obstruction,Clear,Noon,front_frame_00000140,3,evaluation_20260909/overhead_sign_collapse/noon__clear/front_frame_00000140.png,3451c80676cbb8523945f2440a87df11d2963aa6368ffc540dafaaf6cf2775ab,1280,720,human_verified
overhead_sign_collapse,Overhead sign collapse,obstruction,Clear,Noon,front_frame_00000200,4,evaluation_20260909/overhead_sign_collapse/noon__clear/front_frame_00000200.png,26f0c15fd6c1888c291feacbf060de972148ebc2bd918d17fcf2d53bf229a350,1280,720,human_verified
overhead_sign_collapse,Overhead sign collapse,obstruction,Clear,Noon,front_frame_00000300,5,evaluation_20260909/overhead_sign_collapse/noon__clear/front_frame_00000300.png,afaaa55ead4fcdc824dad3f8af5d9b7c1b4d1801d8f73e8f24568caf367dcc52,1280,720,human_verified
overhead_sign_collapse,Overhead sign collapse,obstruction,Foggy,Noon,front_frame_00000040,1,evaluation_20260909/overhead_sign_collapse/noon__foggy/front_frame_00000040.png,096695e694cb87cf9c4691e721991f8ac173ab40f5dba2e64f4dc097380e9360,1280,720,human_verified
overhead_sign_collapse,Overhead sign collapse,obstruction,Foggy,Noon,front_frame_00000100,2,evaluation_20260909/overhead_sign_collapse/noon__foggy/front_frame_00000100.png,8c6299774ac24bb008d3554205e1ab9b9521d733b912932c75dfa1f5b06e2403,1280,720,human_verified
overhead_sign_collapse,Overhead sign collapse,obstruction,Foggy,Noon,front_frame_00000140,3,evaluation_20260909/overhead_sign_collapse/noon__foggy/front_frame_00000140.png,58bc31bf0a2732529a9279c58bb944ebd6ee5232e7dedd4e21cd867fa31bd309,1280,720,human_verified
overhead_sign_collapse,Overhead sign collapse,obstruction,Foggy,Noon,front_frame_00000200,4,evaluation_20260909/overhead_sign_collapse/noon__foggy/front_frame_00000200.png,860e22a5be4cdb311b83ba65c5bc96b3708a2fc9e9306053df8ae1cd62a3c396,1280,720,human_verified
overhead_sign_collapse,Overhead sign collapse,obstruction,Foggy,Noon,front_frame_00000300,5,evaluation_20260909/overhead_sign_collapse/noon__foggy/front_frame_00000300.png,9e3ffd7607c170c1439e3d955bec393419954bed894f79106a0fb56f6624d972,1280,720,human_verified
overhead_sign_collapse,Overhead sign collapse,obstruction,Heavy Rainy,Noon,front_frame_00000040,1,evaluation_20260909/overhead_sign_collapse/noon__storm/front_frame_00000040.png,0ec06c3ef878d4f23d8ce2fb805453791bf66b9b9a1edc850860b264994f5c90,1280,720,human_verified
overhead_sign_collapse,Overhead sign collapse,obstruction,Heavy Rainy,Noon,front_frame_00000100,2,evaluation_20260909/overhead_sign_collapse/noon__storm/front_frame_00000100.png,457dfe2d09f81135e4db798a967619fb0c6147b751624b70995405226655c943,1280,720,human_verified
overhead_sign_collapse,Overhead sign collapse,obstruction,Heavy Rainy,Noon,front_frame_00000140,3,evaluation_20260909/overhead_sign_collapse/noon__storm/front_frame_00000140.png,db2f0addc23c954ca92f629a0700b8e43e2f2e26e7053d6f222301a621028466,1280,720,human_verified
overhead_sign_collapse,Overhead sign collapse,obstruction,Heavy Rainy,Noon,front_frame_00000200,4,evaluation_20260909/overhead_sign_collapse/noon__storm/front_frame_00000200.png,62d3c7ef997cef2affc324748208006d08aeea59a3501cb06866536dcd8641b6,1280,720,human_verified
overhead_sign_collapse,Overhead sign collapse,obstruction,Heavy Rainy,Noon,front_frame_00000300,5,evaluation_20260909/overhead_sign_collapse/noon__storm/front_frame_00000300.png,e789f69d8e506904197d3509af6f2ace68d209a75cf316a7739db37fab993ed8,1280,720,human_verified
overhead_sign_collapse,Overhead sign collapse,obstruction,Stormy,Noon,front_frame_00000040,1,evaluation_20260909/overhead_sign_collapse/noon__worst/front_frame_00000040.png,4ac374729b5169ff2eef58fe31aa3d80b92c68b818fedd94af39d1a23dcac3ca,1280,720,human_verified
overhead_sign_collapse,Overhead sign collapse,obstruction,Stormy,Noon,front_frame_00000100,2,evaluation_20260909/overhead_sign_collapse/noon__worst/front_frame_00000100.png,1bb662b9e61a0ee1aa61f92a14e08bdb9ced34d9197f35e34ff452626bafd6eb,1280,720,human_verified
overhead_sign_collapse,Overhead sign collapse,obstruction,Stormy,Noon,front_frame_00000140,3,evaluation_20260909/overhead_sign_collapse/noon__worst/front_frame_00000140.png,f00b55bc8ee25a92aeef9c0ca582c085f16cd219a9df47111551c3d0ff91ce17,1280,720,human_verified
overhead_sign_collapse,Overhead sign collapse,obstruction,Stormy,Noon,front_frame_00000200,4,evaluation_20260909/overhead_sign_collapse/noon__worst/front_frame_00000200.png,d1359d4bd63db28554fc22baac11572fbbdb5442c39f28226bf2eee1914e1b9a,1280,720,human_verified
overhead_sign_collapse,Overhead sign collapse,obstruction,Stormy,Noon,front_frame_00000300,5,evaluation_20260909/overhead_sign_collapse/noon__worst/front_frame_00000300.png,2e7bb1266ef74cf23a46460347658ddd0703697fcbee6abc2abc1f9d1b5520cc,1280,720,human_verified
pedestrian_dropping_objects,Pedestrian dropping objects,road_user,Clear,Night,front_frame_00000040,1,evaluation_20260909/pedestrian_dropping_objects/night__clear/front_frame_00000040.png,e82e4dce3815471255196908117c47d43f70d0d80472fd6196c0ce5cfe6e446c,1280,720,human_verified
pedestrian_dropping_objects,Pedestrian dropping objects,road_user,Clear,Night,front_frame_00000050,2,evaluation_20260909/pedestrian_dropping_objects/night__clear/front_frame_00000050.png,f04ad6bc1a963591e21f0822c7daf5c6a2cc7d1b8024e7e215e1ae033306897c,1280,720,human_verified
pedestrian_dropping_objects,Pedestrian dropping objects,road_user,Clear,Night,front_frame_00000060,3,evaluation_20260909/pedestrian_dropping_objects/night__clear/front_frame_00000060.png,eabc4e5009ecd9b22733cb183f6ef3081ec761f35546006df1ea2c872570b961,1280,720,human_verified
pedestrian_dropping_objects,Pedestrian dropping objects,road_user,Clear,Night,front_frame_00000070,4,evaluation_20260909/pedestrian_dropping_objects/night__clear/front_frame_00000070.png,2f2cf746d99ae2e59ddb9b9ba3d429abe667d78b9664e015c960fcb965b4f95b,1280,720,human_verified
pedestrian_dropping_objects,Pedestrian dropping objects,road_user,Clear,Night,front_frame_00000080,5,evaluation_20260909/pedestrian_dropping_objects/night__clear/front_frame_00000080.png,c68f39ca5327e8158df7f0000f9e91b6cc28cfb982512aee8db0fbb4aca55502,1280,720,human_verified
pedestrian_dropping_objects,Pedestrian dropping objects,road_user,Foggy,Night,front_frame_00000040,1,evaluation_20260909/pedestrian_dropping_objects/night__foggy/front_frame_00000040.png,977bcdd7633759fbba7f91da5c456ce59c2faba08840071742f72ffccafecaf3,1280,720,human_verified
pedestrian_dropping_objects,Pedestrian dropping objects,road_user,Foggy,Night,front_frame_00000050,2,evaluation_20260909/pedestrian_dropping_objects/night__foggy/front_frame_00000050.png,635f40b7a7da6ec869c61d10630649512b00902b5207fea0c7c30717326d485b,1280,720,human_verified
pedestrian_dropping_objects,Pedestrian dropping objects,road_user,Foggy,Night,front_frame_00000060,3,evaluation_20260909/pedestrian_dropping_objects/night__foggy/front_frame_00000060.png,952b6dc1e0cfea514e6720679e99be033ca4d9aad9a2aa822e89695a4a957f89,1280,720,human_verified
pedestrian_dropping_objects,Pedestrian dropping objects,road_user,Foggy,Night,front_frame_00000070,4,evaluation_20260909/pedestrian_dropping_objects/night__foggy/front_frame_00000070.png,eec2f9a5d88ccbcde06b256839d9e188869f03aa50316f8e93ac016b7e252047,1280,720,human_verified
pedestrian_dropping_objects,Pedestrian dropping objects,road_user,Foggy,Night,front_frame_00000080,5,evaluation_20260909/pedestrian_dropping_objects/night__foggy/front_frame_00000080.png,b436ec87330fd991de7d253d9ff8c1fa12093f7bbe49f00ac9ccff229027ea20,1280,720,human_verified
pedestrian_dropping_objects,Pedestrian dropping objects,road_user,Heavy Rainy,Night,front_frame_00000040,1,evaluation_20260909/pedestrian_dropping_objects/night__storm/front_frame_00000040.png,a42fb254ea100fd9fdccdd3bf75b48a64c9437b74b4c2df065371a2daf31e58b,1280,720,human_verified
pedestrian_dropping_objects,Pedestrian dropping objects,road_user,Heavy Rainy,Night,front_frame_00000050,2,evaluation_20260909/pedestrian_dropping_objects/night__storm/front_frame_00000050.png,e0c7dfafaab604ae0dbeaed3c5a3fe1e02365b0e5bfd082eee4c958b913b5f87,1280,720,human_verified
pedestrian_dropping_objects,Pedestrian dropping objects,road_user,Heavy Rainy,Night,front_frame_00000060,3,evaluation_20260909/pedestrian_dropping_objects/night__storm/front_frame_00000060.png,44559f9b335cb167af2681fc7d02ec898019ab173a96a66c3bee0b976b2cf60e,1280,720,human_verified
pedestrian_dropping_objects,Pedestrian dropping objects,road_user,Heavy Rainy,Night,front_frame_00000070,4,evaluation_20260909/pedestrian_dropping_objects/night__storm/front_frame_00000070.png,097b5d2bbdec62e67e0bcffb5b3edf11a2b19c11213d403bf3c965ce043c4fd1,1280,720,human_verified
pedestrian_dropping_objects,Pedestrian dropping objects,road_user,Heavy Rainy,Night,front_frame_00000080,5,evaluation_20260909/pedestrian_dropping_objects/night__storm/front_frame_00000080.png,8c9f9feaa1981ff9668740881db6bac952acc7db55551d5d541f471b0d91b5e4,1280,720,human_verified
pedestrian_dropping_objects,Pedestrian dropping objects,road_user,Stormy,Night,front_frame_00000040,1,evaluation_20260909/pedestrian_dropping_objects/night__worst/front_frame_00000040.png,49bb4b02235c3928c99175ba3b7449a2907248df7f783d81e7429817c4968f58,1280,720,human_verified
pedestrian_dropping_objects,Pedestrian dropping objects,road_user,Stormy,Night,front_frame_00000050,2,evaluation_20260909/pedestrian_dropping_objects/night__worst/front_frame_00000050.png,dd88f466144214108a90894bd53a2d731270e679999c2a0c0849a15966e77d77,1280,720,human_verified
pedestrian_dropping_objects,Pedestrian dropping objects,road_user,Stormy,Night,front_frame_00000060,3,evaluation_20260909/pedestrian_dropping_objects/night__worst/front_frame_00000060.png,9581b03f4d7e3c9586945b2b27f94ce3b654320fcbd3c053fa531322a922133c,1280,720,human_verified
pedestrian_dropping_objects,Pedestrian dropping objects,road_user,Stormy,Night,front_frame_00000070,4,evaluation_20260909/pedestrian_dropping_objects/night__worst/front_frame_00000070.png,132eea438246e02b1e2799fd111a9d2c0d74caf9837c2b5b77fedf3501920970,1280,720,human_verified
pedestrian_dropping_objects,Pedestrian dropping objects,road_user,Stormy,Night,front_frame_00000080,5,evaluation_20260909/pedestrian_dropping_objects/night__worst/front_frame_00000080.png,d5ec2f69a685c9d9211df0a1d1549ca00d413d6a2bc1dc838618ef4953633a56,1280,720,human_verified
pedestrian_dropping_objects,Pedestrian dropping objects,road_user,Clear,Noon,front_frame_00000040,1,evaluation_20260909/pedestrian_dropping_objects/noon__clear/front_frame_00000040.png,abd1d9f3273004181d0e021634a0a7fc6e93d036bb0e1d7fcab4f41ad96fb8fc,1280,720,human_verified
pedestrian_dropping_objects,Pedestrian dropping objects,road_user,Clear,Noon,front_frame_00000050,2,evaluation_20260909/pedestrian_dropping_objects/noon__clear/front_frame_00000050.png,252ba9f4378ce0d67050c2f3c9e51d52c815c7b1dd4495f8b4226a528b0d8698,1280,720,human_verified
pedestrian_dropping_objects,Pedestrian dropping objects,road_user,Clear,Noon,front_frame_00000060,3,evaluation_20260909/pedestrian_dropping_objects/noon__clear/front_frame_00000060.png,e204003bbfe73d6f4bcb90f913ce639c56c3b544f027d7d4094d0a453e82e78d,1280,720,human_verified
pedestrian_dropping_objects,Pedestrian dropping objects,road_user,Clear,Noon,front_frame_00000070,4,evaluation_20260909/pedestrian_dropping_objects/noon__clear/front_frame_00000070.png,fd1317f19e1677159d38a2e7135f9f363a52b86656bc835c72f895696e5a208c,1280,720,human_verified
pedestrian_dropping_objects,Pedestrian dropping objects,road_user,Clear,Noon,front_frame_00000080,5,evaluation_20260909/pedestrian_dropping_objects/noon__clear/front_frame_00000080.png,e1c26c22c8d476ba2ed0b09fa378ef647ce2b73b9ad0521c373f31e519f8e6d4,1280,720,human_verified
pedestrian_dropping_objects,Pedestrian dropping objects,road_user,Foggy,Noon,front_frame_00000040,1,evaluation_20260909/pedestrian_dropping_objects/noon__foggy/front_frame_00000040.png,465be6d652d001dbd93ab2507161ef1cec7fd88625d14ce7388bf7380b4bed25,1280,720,human_verified
pedestrian_dropping_objects,Pedestrian dropping objects,road_user,Foggy,Noon,front_frame_00000050,2,evaluation_20260909/pedestrian_dropping_objects/noon__foggy/front_frame_00000050.png,b66db0fd0dce2cd5975cbc8ffedcec062d1f6ce7c00c53a95e1fd044ff5ab000,1280,720,human_verified
pedestrian_dropping_objects,Pedestrian dropping objects,road_user,Foggy,Noon,front_frame_00000060,3,evaluation_20260909/pedestrian_dropping_objects/noon__foggy/front_frame_00000060.png,dc92770c2a6e1dae2aa3aa5a51f40c74930f3c8d884701cd008fd4112d5ad93a,1280,720,human_verified
pedestrian_dropping_objects,Pedestrian dropping objects,road_user,Foggy,Noon,front_frame_00000070,4,evaluation_20260909/pedestrian_dropping_objects/noon__foggy/front_frame_00000070.png,ea4f85e6bd7e400327d401004d64d1927ccb31a898160cda0713412f1101c28a,1280,720,human_verified
pedestrian_dropping_objects,Pedestrian dropping objects,road_user,Foggy,Noon,front_frame_00000080,5,evaluation_20260909/pedestrian_dropping_objects/noon__foggy/front_frame_00000080.png,58e77bb82b45d53cc4f5b1171dcb139e82f01d687ccdc0540d1cf226e728c937,1280,720,human_verified
pedestrian_dropping_objects,Pedestrian dropping objects,road_user,Heavy Rainy,Noon,front_frame_00000040,1,evaluation_20260909/pedestrian_dropping_objects/noon__storm/front_frame_00000040.png,add8e71712f13d6f1ed9df2f16dc4e521056ebb694dbf7b21ee97a89fc290822,1280,720,human_verified
pedestrian_dropping_objects,Pedestrian dropping objects,road_user,Heavy Rainy,Noon,front_frame_00000050,2,evaluation_20260909/pedestrian_dropping_objects/noon__storm/front_frame_00000050.png,0bf86f36497dfded9e0a27f81be865570a3d56fd9468993ba9cd9a3f8efcb448,1280,720,human_verified
pedestrian_dropping_objects,Pedestrian dropping objects,road_user,Heavy Rainy,Noon,front_frame_00000060,3,evaluation_20260909/pedestrian_dropping_objects/noon__storm/front_frame_00000060.png,6b70c578e7996f37a570f1e16d43c2d0351e8dabe1b7008e2dc90ff1710d2ee3,1280,720,human_verified
pedestrian_dropping_objects,Pedestrian dropping objects,road_user,Heavy Rainy,Noon,front_frame_00000070,4,evaluation_20260909/pedestrian_dropping_objects/noon__storm/front_frame_00000070.png,0ee661f336a25aeb1975e4f2b4ace355c35a08cad2bda22a6d8c311a73d44c64,1280,720,human_verified
pedestrian_dropping_objects,Pedestrian dropping objects,road_user,Heavy Rainy,Noon,front_frame_00000080,5,evaluation_20260909/pedestrian_dropping_objects/noon__storm/front_frame_00000080.png,8b19cc24ff66ae57e60213f2adbf4af52f40a24007a69b030ad0506d851c2721,1280,720,human_verified
pedestrian_dropping_objects,Pedestrian dropping objects,road_user,Stormy,Noon,front_frame_00000040,1,evaluation_20260909/pedestrian_dropping_objects/noon__worst/front_frame_00000040.png,dce596225228545f945dfb1128ff8d2e1e6e08dc7f53bde855e810c924cc0034,1280,720,human_verified
pedestrian_dropping_objects,Pedestrian dropping objects,road_user,Stormy,Noon,front_frame_00000050,2,evaluation_20260909/pedestrian_dropping_objects/noon__worst/front_frame_00000050.png,0de3eafcaa495f0b0dc9fb202d075c246da31e37fc082d61d9f1ae825e348e74,1280,720,human_verified
pedestrian_dropping_objects,Pedestrian dropping objects,road_user,Stormy,Noon,front_frame_00000060,3,evaluation_20260909/pedestrian_dropping_objects/noon__worst/front_frame_00000060.png,f9841cae035456148c7a915c2d172e08b1e80544dcf4d27eeb47e328b098370a,1280,720,human_verified
pedestrian_dropping_objects,Pedestrian dropping objects,road_user,Stormy,Noon,front_frame_00000070,4,evaluation_20260909/pedestrian_dropping_objects/noon__worst/front_frame_00000070.png,f436237a3987963ef5b85b5bbc2c647a49a74e0ab3f6fd3434e0547a321a7d4f,1280,720,human_verified
pedestrian_dropping_objects,Pedestrian dropping objects,road_user,Stormy,Noon,front_frame_00000080,5,evaluation_20260909/pedestrian_dropping_objects/noon__worst/front_frame_00000080.png,dc3c022ce131acc11cba9eab4ea785aa9bbfef9bb2904e7d1013b14269693b54,1280,720,human_verified
red_light_violation,Red-light violation,road_user,Clear,Night,front_frame_00000100,1,evaluation_20260909/red_light_violation/night__clear/front_frame_00000100.png,7f07b646291c59ab4ea91b0fa9096b235694c0d001259f92917c37840a581dbe,1280,720,human_verified
red_light_violation,Red-light violation,road_user,Clear,Night,front_frame_00000114,2,evaluation_20260909/red_light_violation/night__clear/front_frame_00000114.png,ef332b9955ba989e633f94ee26447fc320035fa6e2c31755d1732c65fad28442,1280,720,human_verified
red_light_violation,Red-light violation,road_user,Clear,Night,front_frame_00000140,3,evaluation_20260909/red_light_violation/night__clear/front_frame_00000140.png,0c4fed745990d885516469196c11fa86c57bb79d21beae8092c4079925e39845,1280,720,human_verified
red_light_violation,Red-light violation,road_user,Clear,Night,front_frame_00000180,4,evaluation_20260909/red_light_violation/night__clear/front_frame_00000180.png,f84b9d2b902e0a1b199d88fd602c881871a571163086564f2ea33d1c3ead75a3,1280,720,human_verified
red_light_violation,Red-light violation,road_user,Clear,Night,front_frame_00000240,5,evaluation_20260909/red_light_violation/night__clear/front_frame_00000240.png,997148f6cdd2c53d03870cfac278e480109a1ba87fa4adf8e5470c287c9c7a6c,1280,720,human_verified
red_light_violation,Red-light violation,road_user,Foggy,Night,front_frame_00000100,1,evaluation_20260909/red_light_violation/night__foggy/front_frame_00000100.png,1db394ff89416c41dac9dde1b90f0e4e7b80c31b2fecca43a194bf3bc36ab476,1280,720,human_verified
red_light_violation,Red-light violation,road_user,Foggy,Night,front_frame_00000114,2,evaluation_20260909/red_light_violation/night__foggy/front_frame_00000114.png,9fdcbbbb17dedf4fe067c0c5cf691d35f14e25b7d192c8a5cad75c0b5e1a5856,1280,720,human_verified
red_light_violation,Red-light violation,road_user,Foggy,Night,front_frame_00000140,3,evaluation_20260909/red_light_violation/night__foggy/front_frame_00000140.png,aa1cafd6a771a06dd730671234e400c532197cf9e6f49cfb028e8c99f21c95a5,1280,720,human_verified
red_light_violation,Red-light violation,road_user,Foggy,Night,front_frame_00000180,4,evaluation_20260909/red_light_violation/night__foggy/front_frame_00000180.png,4a87b49bf9abd7976597cdc4784096b985f293585d542b5326a8ab7306c1f46b,1280,720,human_verified
red_light_violation,Red-light violation,road_user,Foggy,Night,front_frame_00000240,5,evaluation_20260909/red_light_violation/night__foggy/front_frame_00000240.png,5e727275bab4a7b1761d01ae12ee643c90f36417165dfbdc3afa9adbb7f16ff2,1280,720,human_verified
red_light_violation,Red-light violation,road_user,Heavy Rainy,Night,front_frame_00000100,1,evaluation_20260909/red_light_violation/night__storm/front_frame_00000100.png,fdca02830a4e9f15d2c8dcd8adcc581910dea814ebaeaafad270c4292120ae7f,1280,720,human_verified
red_light_violation,Red-light violation,road_user,Heavy Rainy,Night,front_frame_00000114,2,evaluation_20260909/red_light_violation/night__storm/front_frame_00000114.png,686282c6c2ce59d4c2a6bf21faa38dced416e9bc44adfae00129ed28486052e2,1280,720,human_verified
red_light_violation,Red-light violation,road_user,Heavy Rainy,Night,front_frame_00000140,3,evaluation_20260909/red_light_violation/night__storm/front_frame_00000140.png,2e79e727d158bbba15d2589b5a19c532fa06cdb2bd5e2b408a0b34c0f9da5601,1280,720,human_verified
red_light_violation,Red-light violation,road_user,Heavy Rainy,Night,front_frame_00000180,4,evaluation_20260909/red_light_violation/night__storm/front_frame_00000180.png,ed00fd0205a8a1ce3e453e0237fc30eb40b779b4e833cfe667b286de431a467f,1280,720,human_verified
red_light_violation,Red-light violation,road_user,Heavy Rainy,Night,front_frame_00000240,5,evaluation_20260909/red_light_violation/night__storm/front_frame_00000240.png,7e0b3abbcec2a4d6f6a97f3fdfd2caab2032c03f452de46201e86bdad8015445,1280,720,human_verified
red_light_violation,Red-light violation,road_user,Stormy,Night,front_frame_00000100,1,evaluation_20260909/red_light_violation/night__worst/front_frame_00000100.png,57f5ec66b75043708233a1d1626d9def49d233abf674c4da440fc90ca03f78c6,1280,720,human_verified
red_light_violation,Red-light violation,road_user,Stormy,Night,front_frame_00000114,2,evaluation_20260909/red_light_violation/night__worst/front_frame_00000114.png,edd1bff918b2c9d32c6555b83d79f8cad4b6bcb2af2c5783e7fcf1a5e840820e,1280,720,human_verified
red_light_violation,Red-light violation,road_user,Stormy,Night,front_frame_00000140,3,evaluation_20260909/red_light_violation/night__worst/front_frame_00000140.png,e56530a73e14281f9928621c65f3233581597bed9f54754c634fdc2c124afd56,1280,720,human_verified
red_light_violation,Red-light violation,road_user,Stormy,Night,front_frame_00000180,4,evaluation_20260909/red_light_violation/night__worst/front_frame_00000180.png,a289159347f5ad799aef6f45249af717f86e5243b168f050848309c07001800f,1280,720,human_verified
red_light_violation,Red-light violation,road_user,Stormy,Night,front_frame_00000240,5,evaluation_20260909/red_light_violation/night__worst/front_frame_00000240.png,bdabaaea613460849ccbae4d24ff3c5aaa945dd63129ccfe38cb8ff135911519,1280,720,human_verified
red_light_violation,Red-light violation,road_user,Clear,Noon,front_frame_00000100,1,evaluation_20260909/red_light_violation/noon__clear/front_frame_00000100.png,f7d2eab32215b350fa977ce041691e4e9882cba1d3ae42baeb27619b61c4f42d,1280,720,human_verified
red_light_violation,Red-light violation,road_user,Clear,Noon,front_frame_00000114,2,evaluation_20260909/red_light_violation/noon__clear/front_frame_00000114.png,b9c4c214c634b404996845286a7dfee7e774e6b77231ddcace17ee77a1b18e91,1280,720,human_verified
red_light_violation,Red-light violation,road_user,Clear,Noon,front_frame_00000140,3,evaluation_20260909/red_light_violation/noon__clear/front_frame_00000140.png,9479f4ed9781c7d261dfa9c0e109922b576292e1478e594288e0379bfb124ba8,1280,720,human_verified
red_light_violation,Red-light violation,road_user,Clear,Noon,front_frame_00000180,4,evaluation_20260909/red_light_violation/noon__clear/front_frame_00000180.png,f502670a025261c43bce45fb655cedc27a6a7902f91b66d98b9d7fda7cfbcac8,1280,720,human_verified
red_light_violation,Red-light violation,road_user,Clear,Noon,front_frame_00000240,5,evaluation_20260909/red_light_violation/noon__clear/front_frame_00000240.png,44c6468f0f233ad0604877daf2e38fc6fa4adc227bd0ea75ad578d774d3887ec,1280,720,human_verified
red_light_violation,Red-light violation,road_user,Foggy,Noon,front_frame_00000100,1,evaluation_20260909/red_light_violation/noon__foggy/front_frame_00000100.png,0f997ef021f6924fe7d4ac31892dd5e99d3b2166e02cefe448d8c081ceb6a11d,1280,720,human_verified
red_light_violation,Red-light violation,road_user,Foggy,Noon,front_frame_00000114,2,evaluation_20260909/red_light_violation/noon__foggy/front_frame_00000114.png,b2f0232e9edfc0b9f48d0d69f504fa8d8192d9b51c5ec5b0fdab10342c58c468,1280,720,human_verified
red_light_violation,Red-light violation,road_user,Foggy,Noon,front_frame_00000140,3,evaluation_20260909/red_light_violation/noon__foggy/front_frame_00000140.png,16c47c2b8d4da525153b2a0530771d5063be8e512f7756f28609f422bc333c53,1280,720,human_verified
red_light_violation,Red-light violation,road_user,Foggy,Noon,front_frame_00000180,4,evaluation_20260909/red_light_violation/noon__foggy/front_frame_00000180.png,c6b2df44246b7423d3dbb2d9e11047dcdd4f143280ce50fbb5b4ba1d31de74e6,1280,720,human_verified
red_light_violation,Red-light violation,road_user,Foggy,Noon,front_frame_00000240,5,evaluation_20260909/red_light_violation/noon__foggy/front_frame_00000240.png,c5e3e91517b4bb905e0f0925488d66db5c7d782d2d9f1053378752c5e84a5d9e,1280,720,human_verified
red_light_violation,Red-light violation,road_user,Heavy Rainy,Noon,front_frame_00000100,1,evaluation_20260909/red_light_violation/noon__storm/front_frame_00000100.png,dc0d1d2a7703c0dfdb69854929a99e64ac8827f481e7d35fce56cb7412907af5,1280,720,human_verified
red_light_violation,Red-light violation,road_user,Heavy Rainy,Noon,front_frame_00000114,2,evaluation_20260909/red_light_violation/noon__storm/front_frame_00000114.png,0b2614fabe3316258365ccab58c04b162e5940cbb0a4f87ee928de461ed73761,1280,720,human_verified
red_light_violation,Red-light violation,road_user,Heavy Rainy,Noon,front_frame_00000140,3,evaluation_20260909/red_light_violation/noon__storm/front_frame_00000140.png,202f32f4efe9c3a6ae42402114be0cda0be628ff414e594393254868a2800d19,1280,720,human_verified
red_light_violation,Red-light violation,road_user,Heavy Rainy,Noon,front_frame_00000180,4,evaluation_20260909/red_light_violation/noon__storm/front_frame_00000180.png,a592de7711d4b63338dcb7d42603b5d4ea4bccc6a4e3f6d006af624e222c1616,1280,720,human_verified
red_light_violation,Red-light violation,road_user,Heavy Rainy,Noon,front_frame_00000240,5,evaluation_20260909/red_light_violation/noon__storm/front_frame_00000240.png,666a9c88e7f5b89d082bf5b9668166843e7f806a349714aeb7ee253b292b7b67,1280,720,human_verified
red_light_violation,Red-light violation,road_user,Stormy,Noon,front_frame_00000100,1,evaluation_20260909/red_light_violation/noon__worst/front_frame_00000100.png,8d89e5dae35ae07955ab011ae2fbc3c6e24063c403d0292bcdb8a30e968fc753,1280,720,human_verified
red_light_violation,Red-light violation,road_user,Stormy,Noon,front_frame_00000114,2,evaluation_20260909/red_light_violation/noon__worst/front_frame_00000114.png,92cd6470ba0bd956c4c347f33d9399462eaaacb0e35c25ffcab9e51185b488da,1280,720,human_verified
red_light_violation,Red-light violation,road_user,Stormy,Noon,front_frame_00000140,3,evaluation_20260909/red_light_violation/noon__worst/front_frame_00000140.png,13aa524badef453c33b2bd27e71245c0f8271afceffa7840cfc4aebcb9dfd658,1280,720,human_verified
red_light_violation,Red-light violation,road_user,Stormy,Noon,front_frame_00000180,4,evaluation_20260909/red_light_violation/noon__worst/front_frame_00000180.png,b0a8735960487a39f747ac82c7c8b4da2522cb5f96839de66bba8fdb5562ac67,1280,720,human_verified
red_light_violation,Red-light violation,road_user,Stormy,Noon,front_frame_00000240,5,evaluation_20260909/red_light_violation/noon__worst/front_frame_00000240.png,8efb26e8c45efc9a8ef3e8c893a7d37af210277e7cafd1226cb395daa4481f8a,1280,720,human_verified
runaway_shopping_cart,Runaway shopping cart,dynamic_object,Clear,Night,front_frame_00000040,1,evaluation_20260909/runaway_shopping_cart/night__clear/front_frame_00000040.png,3ce1026726522cf5e32edf9d58b34dc1bc5a037c42bf88df26700796a5865fd4,1280,720,human_verified
runaway_shopping_cart,Runaway shopping cart,dynamic_object,Clear,Night,front_frame_00000080,2,evaluation_20260909/runaway_shopping_cart/night__clear/front_frame_00000080.png,c6afd7fece7a632144e3ad2a15b553e485ccaa2d0bcf4bca15df50cd7ecaea43,1280,720,human_verified
runaway_shopping_cart,Runaway shopping cart,dynamic_object,Clear,Night,front_frame_00000120,3,evaluation_20260909/runaway_shopping_cart/night__clear/front_frame_00000120.png,4fb92785389b57ba464370e0134ba9b512ffcc412fc5c57d603f1330134639a3,1280,720,human_verified
runaway_shopping_cart,Runaway shopping cart,dynamic_object,Clear,Night,front_frame_00000200,4,evaluation_20260909/runaway_shopping_cart/night__clear/front_frame_00000200.png,51090c662dc8e8b067df49816ba120cb0aebba5837b146227c88b3287a17b690,1280,720,human_verified
runaway_shopping_cart,Runaway shopping cart,dynamic_object,Clear,Night,front_frame_00000320,5,evaluation_20260909/runaway_shopping_cart/night__clear/front_frame_00000320.png,33b8628275a94a566b5714bccb32062cf08de2333e561bf1fdacfa559b46b944,1280,720,human_verified
runaway_shopping_cart,Runaway shopping cart,dynamic_object,Foggy,Night,front_frame_00000040,1,evaluation_20260909/runaway_shopping_cart/night__foggy/front_frame_00000040.png,cb825e4256f69fc14928b9bb34d7b9da60fb2fa3b549515554ca6a322a5827a8,1280,720,human_verified
runaway_shopping_cart,Runaway shopping cart,dynamic_object,Foggy,Night,front_frame_00000080,2,evaluation_20260909/runaway_shopping_cart/night__foggy/front_frame_00000080.png,a1c34b26ffb351f96f1e6b683eb6b9e3ec68e1e116dc8974ee6036ae76dfa974,1280,720,human_verified
runaway_shopping_cart,Runaway shopping cart,dynamic_object,Foggy,Night,front_frame_00000120,3,evaluation_20260909/runaway_shopping_cart/night__foggy/front_frame_00000120.png,4717fa51dd70ca7f6921297b132ddaa7e6fdcc366b5f6c935d0938017cf9afee,1280,720,human_verified
runaway_shopping_cart,Runaway shopping cart,dynamic_object,Foggy,Night,front_frame_00000200,4,evaluation_20260909/runaway_shopping_cart/night__foggy/front_frame_00000200.png,b381422507f2ebb19e8ea8ddaa46ad7b1eb3f02958c63c5160bb5c54aefcb3b4,1280,720,human_verified
runaway_shopping_cart,Runaway shopping cart,dynamic_object,Foggy,Night,front_frame_00000320,5,evaluation_20260909/runaway_shopping_cart/night__foggy/front_frame_00000320.png,17a6d1636573188055b671b14de3996556a30669468a072d7fe31a191fd81805,1280,720,human_verified
runaway_shopping_cart,Runaway shopping cart,dynamic_object,Heavy Rainy,Night,front_frame_00000040,1,evaluation_20260909/runaway_shopping_cart/night__storm/front_frame_00000040.png,e9f2960cc463f8b4ca3f742ab9a24be2026f1623d7c868c72df47979be8a9b9a,1280,720,human_verified
runaway_shopping_cart,Runaway shopping cart,dynamic_object,Heavy Rainy,Night,front_frame_00000080,2,evaluation_20260909/runaway_shopping_cart/night__storm/front_frame_00000080.png,5a1e5f02493883d270b0e414d3d29f01f3b0af935d4f56ed87ac0e57f0c08410,1280,720,human_verified
runaway_shopping_cart,Runaway shopping cart,dynamic_object,Heavy Rainy,Night,front_frame_00000120,3,evaluation_20260909/runaway_shopping_cart/night__storm/front_frame_00000120.png,12ebfeb0427e56c157cac9e8449baad3dd62b8a5d19f1a2bafc635ad084ab1f0,1280,720,human_verified
runaway_shopping_cart,Runaway shopping cart,dynamic_object,Heavy Rainy,Night,front_frame_00000200,4,evaluation_20260909/runaway_shopping_cart/night__storm/front_frame_00000200.png,367c12462c7128ffdb70816975fdfa85c6d8b9383be5d48ad67e41173e00935a,1280,720,human_verified
runaway_shopping_cart,Runaway shopping cart,dynamic_object,Heavy Rainy,Night,front_frame_00000320,5,evaluation_20260909/runaway_shopping_cart/night__storm/front_frame_00000320.png,ca1e0b7f6ac4fb97e0396028f759bb3ec89e6396df642f6b2b9e200317f432f8,1280,720,human_verified
runaway_shopping_cart,Runaway shopping cart,dynamic_object,Stormy,Night,front_frame_00000040,1,evaluation_20260909/runaway_shopping_cart/night__worst/front_frame_00000040.png,678a09086d69ff2584c143f5d58263a7cb440e6638288da40bd5c0893c9acea5,1280,720,human_verified
runaway_shopping_cart,Runaway shopping cart,dynamic_object,Stormy,Night,front_frame_00000080,2,evaluation_20260909/runaway_shopping_cart/night__worst/front_frame_00000080.png,a35a101fe39fd715447f1cae8bb23bc3978e16390b5edeac587397a34e9f1ee1,1280,720,human_verified
runaway_shopping_cart,Runaway shopping cart,dynamic_object,Stormy,Night,front_frame_00000120,3,evaluation_20260909/runaway_shopping_cart/night__worst/front_frame_00000120.png,d59b5e9559d3cb3217aa797cfafc69a9c4a5cfeceb7fbe11d270d045cbac48d0,1280,720,human_verified
runaway_shopping_cart,Runaway shopping cart,dynamic_object,Stormy,Night,front_frame_00000200,4,evaluation_20260909/runaway_shopping_cart/night__worst/front_frame_00000200.png,288c09f8cf326c689b9124fe58ada135f3af958d261bfe59555d8bf3da99669f,1280,720,human_verified
runaway_shopping_cart,Runaway shopping cart,dynamic_object,Stormy,Night,front_frame_00000320,5,evaluation_20260909/runaway_shopping_cart/night__worst/front_frame_00000320.png,d41d31aa3c7818e3cbbe5be0480bd35173361ae46f1df00c74a25d6a540f4c67,1280,720,human_verified
runaway_shopping_cart,Runaway shopping cart,dynamic_object,Clear,Noon,front_frame_00000040,1,evaluation_20260909/runaway_shopping_cart/noon__clear/front_frame_00000040.png,477bb11fc98cabe19a40b701059070d8cc8b8442ccc3a885e8d934d4d8a04dce,1280,720,human_verified
runaway_shopping_cart,Runaway shopping cart,dynamic_object,Clear,Noon,front_frame_00000080,2,evaluation_20260909/runaway_shopping_cart/noon__clear/front_frame_00000080.png,9fb6ef0f7a8ae0d5ccdcb26b4abee07cb4db5aa29b037db72a2ff87b7f6bd5f7,1280,720,human_verified
runaway_shopping_cart,Runaway shopping cart,dynamic_object,Clear,Noon,front_frame_00000120,3,evaluation_20260909/runaway_shopping_cart/noon__clear/front_frame_00000120.png,12a0a2ab22053d9d734015c9b1055aee9a9a5d3e4d0327e6b4324715b43db2a0,1280,720,human_verified
runaway_shopping_cart,Runaway shopping cart,dynamic_object,Clear,Noon,front_frame_00000200,4,evaluation_20260909/runaway_shopping_cart/noon__clear/front_frame_00000200.png,d92361858db991b854410628009487a254836dd3a9a979c7bf1a6a8f111bcee2,1280,720,human_verified
runaway_shopping_cart,Runaway shopping cart,dynamic_object,Clear,Noon,front_frame_00000320,5,evaluation_20260909/runaway_shopping_cart/noon__clear/front_frame_00000320.png,603c7dac738cad1a5c28f55b11128997e359e536b40e36587271e1658497816d,1280,720,human_verified
runaway_shopping_cart,Runaway shopping cart,dynamic_object,Foggy,Noon,front_frame_00000040,1,evaluation_20260909/runaway_shopping_cart/noon__foggy/front_frame_00000040.png,29e5b167d464ebf9eecb4166be49c70fe9e3539a00fbb7423a3ba0cac857b0f9,1280,720,human_verified
runaway_shopping_cart,Runaway shopping cart,dynamic_object,Foggy,Noon,front_frame_00000080,2,evaluation_20260909/runaway_shopping_cart/noon__foggy/front_frame_00000080.png,9a076c1300dee5ab2cd036427b4fb1ee349e175654a0943db9ec77c88f53e5f4,1280,720,human_verified
runaway_shopping_cart,Runaway shopping cart,dynamic_object,Foggy,Noon,front_frame_00000120,3,evaluation_20260909/runaway_shopping_cart/noon__foggy/front_frame_00000120.png,ff07006f79100a57f91112a135e54b3a915694dc282953f8f07b4600e0ecbcc0,1280,720,human_verified
runaway_shopping_cart,Runaway shopping cart,dynamic_object,Foggy,Noon,front_frame_00000200,4,evaluation_20260909/runaway_shopping_cart/noon__foggy/front_frame_00000200.png,9ca24b29091674fb2cd25a39ea16e89229279af68e89b1158f2fd41881f0824a,1280,720,human_verified
runaway_shopping_cart,Runaway shopping cart,dynamic_object,Foggy,Noon,front_frame_00000320,5,evaluation_20260909/runaway_shopping_cart/noon__foggy/front_frame_00000320.png,8e85e32622413791fd956e793fed482542e01430b38387f525f32c3778fee541,1280,720,human_verified
runaway_shopping_cart,Runaway shopping cart,dynamic_object,Heavy Rainy,Noon,front_frame_00000040,1,evaluation_20260909/runaway_shopping_cart/noon__storm/front_frame_00000040.png,10664be60d4ac32e0c358a03976c3598f1e5bd00ba69100dd8ff4e3218c05faa,1280,720,human_verified
runaway_shopping_cart,Runaway shopping cart,dynamic_object,Heavy Rainy,Noon,front_frame_00000080,2,evaluation_20260909/runaway_shopping_cart/noon__storm/front_frame_00000080.png,b82d4f64df844347091e94070ff49ce4c1f76c08e63c6a7b6e32c516cff4d330,1280,720,human_verified
runaway_shopping_cart,Runaway shopping cart,dynamic_object,Heavy Rainy,Noon,front_frame_00000120,3,evaluation_20260909/runaway_shopping_cart/noon__storm/front_frame_00000120.png,11fade43f3a42c7ac9163851a382986925bb4e243bb32ae2d4d5b8099854dc16,1280,720,human_verified
runaway_shopping_cart,Runaway shopping cart,dynamic_object,Heavy Rainy,Noon,front_frame_00000200,4,evaluation_20260909/runaway_shopping_cart/noon__storm/front_frame_00000200.png,b8e715a8a91e47e8c48cdefea361bfefe3432e241a6f3f578e7b9c64e7685f59,1280,720,human_verified
runaway_shopping_cart,Runaway shopping cart,dynamic_object,Heavy Rainy,Noon,front_frame_00000320,5,evaluation_20260909/runaway_shopping_cart/noon__storm/front_frame_00000320.png,1f34b5fb390b9d5715acc0a5b7f3562c9b45c844e9a6b3392a78f91ab1a4c137,1280,720,human_verified
runaway_shopping_cart,Runaway shopping cart,dynamic_object,Stormy,Noon,front_frame_00000040,1,evaluation_20260909/runaway_shopping_cart/noon__worst/front_frame_00000040.png,40991a02aa62bd04f1c77a3b0197474b5530d52cae164dea91c6fba6087c36ab,1280,720,human_verified
runaway_shopping_cart,Runaway shopping cart,dynamic_object,Stormy,Noon,front_frame_00000080,2,evaluation_20260909/runaway_shopping_cart/noon__worst/front_frame_00000080.png,c04947bd425bd8aca6f2334704b52e0c1b83c0091d81255e79b1f7e6e306e16d,1280,720,human_verified
runaway_shopping_cart,Runaway shopping cart,dynamic_object,Stormy,Noon,front_frame_00000120,3,evaluation_20260909/runaway_shopping_cart/noon__worst/front_frame_00000120.png,b10feefb79eec16147e0967b375eada675354ab0128ce81927bc096a08204ff2,1280,720,human_verified
runaway_shopping_cart,Runaway shopping cart,dynamic_object,Stormy,Noon,front_frame_00000200,4,evaluation_20260909/runaway_shopping_cart/noon__worst/front_frame_00000200.png,1e3f002e77564b5543b7fe2feef9345fa31b827ebb8a6742ca34853f2b2831a5,1280,720,human_verified
runaway_shopping_cart,Runaway shopping cart,dynamic_object,Stormy,Noon,front_frame_00000320,5,evaluation_20260909/runaway_shopping_cart/noon__worst/front_frame_00000320.png,bfcfc4f76233059511cb65a2a0675f3dc197b90ba79fb9c03f595020b768fc58,1280,720,human_verified
scooter_swerving_in_traffic_lane,Scooter swerving in traffic lane,road_user,Clear,Night,front_frame_00000060,1,evaluation_20260909/scooter_swerving_in_traffic_lane/night__clear/front_frame_00000060.png,0a877395fc77bc5905972b4b6ca431a16798cc195f54470149a6d1ca380d94fc,1280,720,human_verified
scooter_swerving_in_traffic_lane,Scooter swerving in traffic lane,road_user,Clear,Night,front_frame_00000100,2,evaluation_20260909/scooter_swerving_in_traffic_lane/night__clear/front_frame_00000100.png,1d79812f77064f3728d06d3c8e66e2a01654d53c7eb0ecfa1914153d8bd6a8b1,1280,720,human_verified
scooter_swerving_in_traffic_lane,Scooter swerving in traffic lane,road_user,Clear,Night,front_frame_00000140,3,evaluation_20260909/scooter_swerving_in_traffic_lane/night__clear/front_frame_00000140.png,b767fab3c792b393cb40a4ad56e85c8d65d1fa6c4fd2dd7557dfd8d678e80663,1280,720,human_verified
scooter_swerving_in_traffic_lane,Scooter swerving in traffic lane,road_user,Clear,Night,front_frame_00000180,4,evaluation_20260909/scooter_swerving_in_traffic_lane/night__clear/front_frame_00000180.png,e61cd6655283c04d9bf7b854d4e19e572215470090750f5db8adfaf0856e64e9,1280,720,human_verified
scooter_swerving_in_traffic_lane,Scooter swerving in traffic lane,road_user,Clear,Night,front_frame_00000220,5,evaluation_20260909/scooter_swerving_in_traffic_lane/night__clear/front_frame_00000220.png,1becf639aeac9392fe44107a595f9a5ae24c6b37c6cbdeed9f1a1707196d08c5,1280,720,human_verified
scooter_swerving_in_traffic_lane,Scooter swerving in traffic lane,road_user,Foggy,Night,front_frame_00000060,1,evaluation_20260909/scooter_swerving_in_traffic_lane/night__foggy/front_frame_00000060.png,eb9eec5324144cf8c5195ece7c644482bcc7c8b7253b680729a3cee582fa51c6,1280,720,human_verified
scooter_swerving_in_traffic_lane,Scooter swerving in traffic lane,road_user,Foggy,Night,front_frame_00000100,2,evaluation_20260909/scooter_swerving_in_traffic_lane/night__foggy/front_frame_00000100.png,e5fa29c6db3fa1e26f6366b878316bc3b91aa7844a9abff06fd6deb979dedeaa,1280,720,human_verified
scooter_swerving_in_traffic_lane,Scooter swerving in traffic lane,road_user,Foggy,Night,front_frame_00000140,3,evaluation_20260909/scooter_swerving_in_traffic_lane/night__foggy/front_frame_00000140.png,b469a802840dbf5a46395159d963bd0bb89cdfa75c24168a36f666580b453164,1280,720,human_verified
scooter_swerving_in_traffic_lane,Scooter swerving in traffic lane,road_user,Foggy,Night,front_frame_00000180,4,evaluation_20260909/scooter_swerving_in_traffic_lane/night__foggy/front_frame_00000180.png,4c6505f16f88f78b24ea4901c0d8c673e01acd4253ab18e62c7dc32089ffcc07,1280,720,human_verified
scooter_swerving_in_traffic_lane,Scooter swerving in traffic lane,road_user,Foggy,Night,front_frame_00000220,5,evaluation_20260909/scooter_swerving_in_traffic_lane/night__foggy/front_frame_00000220.png,bfe98deb34046f4964360987259883a00b4544480e41faa50faf156552f445a6,1280,720,human_verified
scooter_swerving_in_traffic_lane,Scooter swerving in traffic lane,road_user,Heavy Rainy,Night,front_frame_00000060,1,evaluation_20260909/scooter_swerving_in_traffic_lane/night__storm/front_frame_00000060.png,1c53ff3feb3c0e1a3f3b9f73442f16e7fd9b373b577ac2c73aeea2895c876f10,1280,720,human_verified
scooter_swerving_in_traffic_lane,Scooter swerving in traffic lane,road_user,Heavy Rainy,Night,front_frame_00000100,2,evaluation_20260909/scooter_swerving_in_traffic_lane/night__storm/front_frame_00000100.png,50d60fe434beac88f36f075e2194dedf67d83252578e1a7f6a383bd118122c43,1280,720,human_verified
scooter_swerving_in_traffic_lane,Scooter swerving in traffic lane,road_user,Heavy Rainy,Night,front_frame_00000140,3,evaluation_20260909/scooter_swerving_in_traffic_lane/night__storm/front_frame_00000140.png,a3172f9077605280205812274abd4ee3033f88b9b315c3dea3c3bc5ac11ef82c,1280,720,human_verified
scooter_swerving_in_traffic_lane,Scooter swerving in traffic lane,road_user,Heavy Rainy,Night,front_frame_00000180,4,evaluation_20260909/scooter_swerving_in_traffic_lane/night__storm/front_frame_00000180.png,895ec01b28a2c551443a402692e7b122d4ebd05211f66ed57b923657c4c45458,1280,720,human_verified
scooter_swerving_in_traffic_lane,Scooter swerving in traffic lane,road_user,Heavy Rainy,Night,front_frame_00000220,5,evaluation_20260909/scooter_swerving_in_traffic_lane/night__storm/front_frame_00000220.png,e123aa5be6e8db2a0216df97e46a6d3f06bfd8166f8597ecb3add71b4b555b16,1280,720,human_verified
scooter_swerving_in_traffic_lane,Scooter swerving in traffic lane,road_user,Stormy,Night,front_frame_00000060,1,evaluation_20260909/scooter_swerving_in_traffic_lane/night__worst/front_frame_00000060.png,535c54db62694f3a69f67a540b8160dbd292b98ac0cf4a3348460583f1571a78,1280,720,human_verified
scooter_swerving_in_traffic_lane,Scooter swerving in traffic lane,road_user,Stormy,Night,front_frame_00000100,2,evaluation_20260909/scooter_swerving_in_traffic_lane/night__worst/front_frame_00000100.png,708c0a7990aad6989dab9dbe2538f7cbe774fb146aebb275b590894122579939,1280,720,human_verified
scooter_swerving_in_traffic_lane,Scooter swerving in traffic lane,road_user,Stormy,Night,front_frame_00000140,3,evaluation_20260909/scooter_swerving_in_traffic_lane/night__worst/front_frame_00000140.png,b906c7085d3e0dd5219defd61d20603278eb1d30919d10e6151cba397add51b8,1280,720,human_verified
scooter_swerving_in_traffic_lane,Scooter swerving in traffic lane,road_user,Stormy,Night,front_frame_00000180,4,evaluation_20260909/scooter_swerving_in_traffic_lane/night__worst/front_frame_00000180.png,aa841932d5a0836c875e7ea1f63044c71634b1f6b05cb83834903b9eb06a0dcf,1280,720,human_verified
scooter_swerving_in_traffic_lane,Scooter swerving in traffic lane,road_user,Stormy,Night,front_frame_00000220,5,evaluation_20260909/scooter_swerving_in_traffic_lane/night__worst/front_frame_00000220.png,16f74c99712678f003385acc3340e484fb2371eb5c8bff629937e168c5135070,1280,720,human_verified
scooter_swerving_in_traffic_lane,Scooter swerving in traffic lane,road_user,Clear,Noon,front_frame_00000060,1,evaluation_20260909/scooter_swerving_in_traffic_lane/noon__clear/front_frame_00000060.png,f96bf398366e62445a383c4f1f8136ff808da85965869ff495dd718990c7e2c5,1280,720,human_verified
scooter_swerving_in_traffic_lane,Scooter swerving in traffic lane,road_user,Clear,Noon,front_frame_00000100,2,evaluation_20260909/scooter_swerving_in_traffic_lane/noon__clear/front_frame_00000100.png,587358de57d55dc86a90ec16b8e360cb580aa318a2c6c5954b9f503c9a79beed,1280,720,human_verified
scooter_swerving_in_traffic_lane,Scooter swerving in traffic lane,road_user,Clear,Noon,front_frame_00000140,3,evaluation_20260909/scooter_swerving_in_traffic_lane/noon__clear/front_frame_00000140.png,59b576b0c344ba51e9c5aa1e005bc0716a4e321a83f06d054c71559a51e5b197,1280,720,human_verified
scooter_swerving_in_traffic_lane,Scooter swerving in traffic lane,road_user,Clear,Noon,front_frame_00000180,4,evaluation_20260909/scooter_swerving_in_traffic_lane/noon__clear/front_frame_00000180.png,8e921664fe34b6290fdc0fb30bdf008031bf3171f54df5cb4557baf0cd12f4b6,1280,720,human_verified
scooter_swerving_in_traffic_lane,Scooter swerving in traffic lane,road_user,Clear,Noon,front_frame_00000220,5,evaluation_20260909/scooter_swerving_in_traffic_lane/noon__clear/front_frame_00000220.png,3ef9cd0379411bd66574857689e53eedd2c5d282d68dde2d14f8f9b2be4da6a2,1280,720,human_verified
scooter_swerving_in_traffic_lane,Scooter swerving in traffic lane,road_user,Foggy,Noon,front_frame_00000060,1,evaluation_20260909/scooter_swerving_in_traffic_lane/noon__foggy/front_frame_00000060.png,8d79eec3672d8ac08258b05d5184b7d69297f1c33218cd69c54b16f4e2f32c97,1280,720,human_verified
scooter_swerving_in_traffic_lane,Scooter swerving in traffic lane,road_user,Foggy,Noon,front_frame_00000100,2,evaluation_20260909/scooter_swerving_in_traffic_lane/noon__foggy/front_frame_00000100.png,15e4ee4f75b254b3abd6f777d164bfb1e7930a2bca20b05abb4912888fc9e2fe,1280,720,human_verified
scooter_swerving_in_traffic_lane,Scooter swerving in traffic lane,road_user,Foggy,Noon,front_frame_00000140,3,evaluation_20260909/scooter_swerving_in_traffic_lane/noon__foggy/front_frame_00000140.png,ece1e60878c69fce5e6facf104dcade193c2c5fd0fc47c375eb5d7000f2bcf56,1280,720,human_verified
scooter_swerving_in_traffic_lane,Scooter swerving in traffic lane,road_user,Foggy,Noon,front_frame_00000180,4,evaluation_20260909/scooter_swerving_in_traffic_lane/noon__foggy/front_frame_00000180.png,29919fa44e3fc6f7b81fc1250c0f7d36fdf3c6508e0779da75a50038c0bbfcab,1280,720,human_verified
scooter_swerving_in_traffic_lane,Scooter swerving in traffic lane,road_user,Foggy,Noon,front_frame_00000220,5,evaluation_20260909/scooter_swerving_in_traffic_lane/noon__foggy/front_frame_00000220.png,481da626084d3f365fcceddbf8b9c7892132ba8d4c50e50712e9af49e7ef473d,1280,720,human_verified
scooter_swerving_in_traffic_lane,Scooter swerving in traffic lane,road_user,Heavy Rainy,Noon,front_frame_00000060,1,evaluation_20260909/scooter_swerving_in_traffic_lane/noon__storm/front_frame_00000060.png,9b9af105c5e0548e65dda1062467cdcb89ddb98ee75dd811023187b41b42c23a,1280,720,human_verified
scooter_swerving_in_traffic_lane,Scooter swerving in traffic lane,road_user,Heavy Rainy,Noon,front_frame_00000100,2,evaluation_20260909/scooter_swerving_in_traffic_lane/noon__storm/front_frame_00000100.png,fdca40c657d20dc7f1fd5744c88ead01a44382191201ed726c23da97ffc761bc,1280,720,human_verified
scooter_swerving_in_traffic_lane,Scooter swerving in traffic lane,road_user,Heavy Rainy,Noon,front_frame_00000140,3,evaluation_20260909/scooter_swerving_in_traffic_lane/noon__storm/front_frame_00000140.png,9867b27ab05166f749e75f17385df0a617bdec2c38a6e2c9f2e92d8fc923df5d,1280,720,human_verified
scooter_swerving_in_traffic_lane,Scooter swerving in traffic lane,road_user,Heavy Rainy,Noon,front_frame_00000180,4,evaluation_20260909/scooter_swerving_in_traffic_lane/noon__storm/front_frame_00000180.png,734ba7b7809b2cb5bfe257c4a70e9c69fdb3f7608659d7fc7814cb831b7b74a6,1280,720,human_verified
scooter_swerving_in_traffic_lane,Scooter swerving in traffic lane,road_user,Heavy Rainy,Noon,front_frame_00000220,5,evaluation_20260909/scooter_swerving_in_traffic_lane/noon__storm/front_frame_00000220.png,918e224db9f3e0a75ac65f96ab4d505a7f3e8de797937bb7cce5dba33f15d186,1280,720,human_verified
scooter_swerving_in_traffic_lane,Scooter swerving in traffic lane,road_user,Stormy,Noon,front_frame_00000060,1,evaluation_20260909/scooter_swerving_in_traffic_lane/noon__worst/front_frame_00000060.png,24ce2ad1f5130ab04f0d24fe9175db5ba93d55d435ec53c706d4537f49a77e6e,1280,720,human_verified
scooter_swerving_in_traffic_lane,Scooter swerving in traffic lane,road_user,Stormy,Noon,front_frame_00000100,2,evaluation_20260909/scooter_swerving_in_traffic_lane/noon__worst/front_frame_00000100.png,e94ae532f6d26ad1593e556951c70d061e8686bc3c56c79ee7ea6f8643a4bc91,1280,720,human_verified
scooter_swerving_in_traffic_lane,Scooter swerving in traffic lane,road_user,Stormy,Noon,front_frame_00000140,3,evaluation_20260909/scooter_swerving_in_traffic_lane/noon__worst/front_frame_00000140.png,32a1bfbe368e91bfc5bb392ef7b42c70987e8f1b465cb0e964e2d5ef95cffd87,1280,720,human_verified
scooter_swerving_in_traffic_lane,Scooter swerving in traffic lane,road_user,Stormy,Noon,front_frame_00000180,4,evaluation_20260909/scooter_swerving_in_traffic_lane/noon__worst/front_frame_00000180.png,0f08901286a2921f858b401944ef99d641f0232882b83e6968aa241b0d701393,1280,720,human_verified
scooter_swerving_in_traffic_lane,Scooter swerving in traffic lane,road_user,Stormy,Noon,front_frame_00000220,5,evaluation_20260909/scooter_swerving_in_traffic_lane/noon__worst/front_frame_00000220.png,4580a595e5ab1cb468a6b453bb14a15b5b49597b4ced2cf2e1073a33c302c238,1280,720,human_verified
sudden_blackout,Sudden blackout,traffic_control,Clear,Night,front_frame_00000080,1,evaluation_20260909/sudden_blackout/night__clear/front_frame_00000080.png,33e00c596bcd133ad4cb9d1c17bf0294460f3591c8f75b25a07d370c3a022097,1280,720,human_verified
sudden_blackout,Sudden blackout,traffic_control,Clear,Night,front_frame_00000100,2,evaluation_20260909/sudden_blackout/night__clear/front_frame_00000100.png,87c558e856f93b456b6955e4ed95e59ffb0f08cc2edf27bebf01eefb9dfdf196,1280,720,human_verified
sudden_blackout,Sudden blackout,traffic_control,Clear,Night,front_frame_00000160,3,evaluation_20260909/sudden_blackout/night__clear/front_frame_00000160.png,1190cd37589b9dfb5b0b7b3257bdc79a614bdbf43c320df8905559b8d1585060,1280,720,human_verified
sudden_blackout,Sudden blackout,traffic_control,Clear,Night,front_frame_00000220,4,evaluation_20260909/sudden_blackout/night__clear/front_frame_00000220.png,718d5d505e7e541f69ae20c3b87d727234ca372edc66428f8b5f1805d44d4473,1280,720,human_verified
sudden_blackout,Sudden blackout,traffic_control,Clear,Night,front_frame_00000340,5,evaluation_20260909/sudden_blackout/night__clear/front_frame_00000340.png,1a5d310199e5eba29a9f8af7f12cfff74edf3b1274ace8a653898bfdd58c78ba,1280,720,human_verified
sudden_blackout,Sudden blackout,traffic_control,Foggy,Night,front_frame_00000080,1,evaluation_20260909/sudden_blackout/night__foggy/front_frame_00000080.png,a3d38c65d9f1e25d30f2bcad0a4235201bfa6d548669b55c6008ed11e431994d,1280,720,human_verified
sudden_blackout,Sudden blackout,traffic_control,Foggy,Night,front_frame_00000100,2,evaluation_20260909/sudden_blackout/night__foggy/front_frame_00000100.png,e5d02640a7df03216dabb4d75e418be91b8808339fb36235bff4b32b5cc736cb,1280,720,human_verified
sudden_blackout,Sudden blackout,traffic_control,Foggy,Night,front_frame_00000160,3,evaluation_20260909/sudden_blackout/night__foggy/front_frame_00000160.png,53d0a4c9fcb5fcac7993f1dfb924f1f07fc56ed8c0e797c879c1913390fb03fc,1280,720,human_verified
sudden_blackout,Sudden blackout,traffic_control,Foggy,Night,front_frame_00000220,4,evaluation_20260909/sudden_blackout/night__foggy/front_frame_00000220.png,4aba5b057ade54f4d94bd25fe24a80febe315dab1391573e7ab7ab8a9ae7ebb3,1280,720,human_verified
sudden_blackout,Sudden blackout,traffic_control,Foggy,Night,front_frame_00000340,5,evaluation_20260909/sudden_blackout/night__foggy/front_frame_00000340.png,bf288aca4f16786b42c507d42a7b5339e99a98cf1854a4ba7c7d405a4316b6c0,1280,720,human_verified
sudden_blackout,Sudden blackout,traffic_control,Heavy Rainy,Night,front_frame_00000080,1,evaluation_20260909/sudden_blackout/night__storm/front_frame_00000080.png,52bb874c5a80c0844c567d7b4e777d075994851ccef2b44c600a8e3dea4d9a6a,1280,720,human_verified
sudden_blackout,Sudden blackout,traffic_control,Heavy Rainy,Night,front_frame_00000100,2,evaluation_20260909/sudden_blackout/night__storm/front_frame_00000100.png,5867bc377c479fea9113a2ac1acf167c5887a5595ecf82f0d36c1d3225da038f,1280,720,human_verified
sudden_blackout,Sudden blackout,traffic_control,Heavy Rainy,Night,front_frame_00000160,3,evaluation_20260909/sudden_blackout/night__storm/front_frame_00000160.png,8b7b4c19b3e7d53d865a870b837796e10046bb345f4984680a73fe7ff64d10d2,1280,720,human_verified
sudden_blackout,Sudden blackout,traffic_control,Heavy Rainy,Night,front_frame_00000220,4,evaluation_20260909/sudden_blackout/night__storm/front_frame_00000220.png,9875179d6efc7b46adef319d67fd1237e4d3d24aa7d9637104d05c76dd33470b,1280,720,human_verified
sudden_blackout,Sudden blackout,traffic_control,Heavy Rainy,Night,front_frame_00000340,5,evaluation_20260909/sudden_blackout/night__storm/front_frame_00000340.png,2f0d72b9450d61ddb48d937fdb92baa9e7b9f28085618da5687ad1329cb21736,1280,720,human_verified
sudden_blackout,Sudden blackout,traffic_control,Stormy,Night,front_frame_00000080,1,evaluation_20260909/sudden_blackout/night__worst/front_frame_00000080.png,20cdc54aa44e40e5d4dcf12e249d085f10444ad92caa34c93df4b25549f757a1,1280,720,human_verified
sudden_blackout,Sudden blackout,traffic_control,Stormy,Night,front_frame_00000100,2,evaluation_20260909/sudden_blackout/night__worst/front_frame_00000100.png,3272ff38e798dc8f56eff480fd957fcdfdb83d1650541cf28d6971ae7715ab53,1280,720,human_verified
sudden_blackout,Sudden blackout,traffic_control,Stormy,Night,front_frame_00000160,3,evaluation_20260909/sudden_blackout/night__worst/front_frame_00000160.png,030a87ab61175484f7cdcb08bff30eed69b330330bcf7eec041b2c51fc413326,1280,720,human_verified
sudden_blackout,Sudden blackout,traffic_control,Stormy,Night,front_frame_00000220,4,evaluation_20260909/sudden_blackout/night__worst/front_frame_00000220.png,133cba333104dc49197207ff5ca4af00e415a6facc9f482c6737e8c5ef96d0b4,1280,720,human_verified
sudden_blackout,Sudden blackout,traffic_control,Stormy,Night,front_frame_00000340,5,evaluation_20260909/sudden_blackout/night__worst/front_frame_00000340.png,344a5d9f3520bbd4706e38800799abb9c84cfaa3b58326063dcc18e67c91a651,1280,720,human_verified
sudden_blackout,Sudden blackout,traffic_control,Clear,Noon,front_frame_00000080,1,evaluation_20260909/sudden_blackout/noon__clear/front_frame_00000080.png,85fb0439bc52ce1e92ea272972f71086b8611e83d3f8d716de2e938151dda595,1280,720,human_verified
sudden_blackout,Sudden blackout,traffic_control,Clear,Noon,front_frame_00000100,2,evaluation_20260909/sudden_blackout/noon__clear/front_frame_00000100.png,6ccc5da2f7fa35dd1476dff6b1a410b8c860a927765e13a26cb8901a7917d221,1280,720,human_verified
sudden_blackout,Sudden blackout,traffic_control,Clear,Noon,front_frame_00000160,3,evaluation_20260909/sudden_blackout/noon__clear/front_frame_00000160.png,e493bc03619b92461ac1a15b5bb737d0fe039ced0f4ee0b766c3d0abe72474a9,1280,720,human_verified
sudden_blackout,Sudden blackout,traffic_control,Clear,Noon,front_frame_00000220,4,evaluation_20260909/sudden_blackout/noon__clear/front_frame_00000220.png,4c32c2777bd309ea9e962ce6831456fe20333163cd8ee1b9cd117eea946f82a3,1280,720,human_verified
sudden_blackout,Sudden blackout,traffic_control,Clear,Noon,front_frame_00000340,5,evaluation_20260909/sudden_blackout/noon__clear/front_frame_00000340.png,9800406d8cd109fdeaad16f497966f1ed280953d9e1cc21805ac49df129b9f0b,1280,720,human_verified
sudden_blackout,Sudden blackout,traffic_control,Foggy,Noon,front_frame_00000080,1,evaluation_20260909/sudden_blackout/noon__foggy/front_frame_00000080.png,b5f539aeeb1f50b6de9f5d544d862b01cb48609e5ae848f902ad67e356e9ea07,1280,720,human_verified
sudden_blackout,Sudden blackout,traffic_control,Foggy,Noon,front_frame_00000100,2,evaluation_20260909/sudden_blackout/noon__foggy/front_frame_00000100.png,f424366bea295b967409e4370d3e4738e3126aa01a55013e5ee584723baf4fb3,1280,720,human_verified
sudden_blackout,Sudden blackout,traffic_control,Foggy,Noon,front_frame_00000160,3,evaluation_20260909/sudden_blackout/noon__foggy/front_frame_00000160.png,f98b4766d4f648c034e29bfa7e1bf6952aa165d5472c0f61d18291545c78db85,1280,720,human_verified
sudden_blackout,Sudden blackout,traffic_control,Foggy,Noon,front_frame_00000220,4,evaluation_20260909/sudden_blackout/noon__foggy/front_frame_00000220.png,ba0ff7d8488ca7676e02322e4776bbde9daee59de36027f275b0c7cb327caca5,1280,720,human_verified
sudden_blackout,Sudden blackout,traffic_control,Foggy,Noon,front_frame_00000340,5,evaluation_20260909/sudden_blackout/noon__foggy/front_frame_00000340.png,03719685de28c34cb8172e229427fecb332f0d754e50307bde88256e59b4fbde,1280,720,human_verified
sudden_blackout,Sudden blackout,traffic_control,Heavy Rainy,Noon,front_frame_00000080,1,evaluation_20260909/sudden_blackout/noon__storm/front_frame_00000080.png,0af5bc1fdaf187feb902c1f6cf53e025da1e9de75c3f2bc92de8349e76b06d20,1280,720,human_verified
sudden_blackout,Sudden blackout,traffic_control,Heavy Rainy,Noon,front_frame_00000100,2,evaluation_20260909/sudden_blackout/noon__storm/front_frame_00000100.png,3147285227706341a7739590e558f6f958d2eef9e1202701365ef26aa96f5e6b,1280,720,human_verified
sudden_blackout,Sudden blackout,traffic_control,Heavy Rainy,Noon,front_frame_00000160,3,evaluation_20260909/sudden_blackout/noon__storm/front_frame_00000160.png,fde8c8bbf35c3db0ba8331d4baea9a7311728d659daddfaff00fc62b44a481fc,1280,720,human_verified
sudden_blackout,Sudden blackout,traffic_control,Heavy Rainy,Noon,front_frame_00000220,4,evaluation_20260909/sudden_blackout/noon__storm/front_frame_00000220.png,c9d2ef06b8e3c3a183831355c28536687c39fe521ccb26d459e8863e4b0aee82,1280,720,human_verified
sudden_blackout,Sudden blackout,traffic_control,Heavy Rainy,Noon,front_frame_00000340,5,evaluation_20260909/sudden_blackout/noon__storm/front_frame_00000340.png,ac372624f39fec16f4e8c580e281646236fa079858eec370e247e499681ad287,1280,720,human_verified
sudden_blackout,Sudden blackout,traffic_control,Stormy,Noon,front_frame_00000080,1,evaluation_20260909/sudden_blackout/noon__worst/front_frame_00000080.png,f00e67ba81074d0c0626ed1ecaf73aabc4e8b05dc8dc5c0c6e3d1f2d4ced44ed,1280,720,human_verified
sudden_blackout,Sudden blackout,traffic_control,Stormy,Noon,front_frame_00000100,2,evaluation_20260909/sudden_blackout/noon__worst/front_frame_00000100.png,0dec528cf969996477cbdba4d9157193d13d7a3c29e93fcffff0f8ed30070230,1280,720,human_verified
sudden_blackout,Sudden blackout,traffic_control,Stormy,Noon,front_frame_00000160,3,evaluation_20260909/sudden_blackout/noon__worst/front_frame_00000160.png,ddd6996a268fd644513ce2bd99cbaf157422dd472730463a7b0dedb67957039c,1280,720,human_verified
sudden_blackout,Sudden blackout,traffic_control,Stormy,Noon,front_frame_00000220,4,evaluation_20260909/sudden_blackout/noon__worst/front_frame_00000220.png,52c04b11d5c877091cc2809e2a3a3b23835c71a424dde203cb7ada70b4d9cc89,1280,720,human_verified
sudden_blackout,Sudden blackout,traffic_control,Stormy,Noon,front_frame_00000340,5,evaluation_20260909/sudden_blackout/noon__worst/front_frame_00000340.png,efdb3c5b65ff78685cdb6416d025be41bd56b82f34403b4d51df30bfbec96b60,1280,720,human_verified
sudden_heavy_rain,Sudden heavy rain,environmental,Clear,Night,front_frame_00000001,1,evaluation_20260909/sudden_heavy_rain/night__clear/front_frame_00000001.png,d805dce9dfe3d7df62ccb3987909d41ac6df0581bb5acc8d03c9ddef7f0a18de,1280,720,human_verified
sudden_heavy_rain,Sudden heavy rain,environmental,Clear,Night,front_frame_00000101,2,evaluation_20260909/sudden_heavy_rain/night__clear/front_frame_00000101.png,fc209839c73440785f13e9338c3aa3774ce474fd4dafbc3f3d9c17919278222e,1280,720,human_verified
sudden_heavy_rain,Sudden heavy rain,environmental,Clear,Night,front_frame_00000201,3,evaluation_20260909/sudden_heavy_rain/night__clear/front_frame_00000201.png,386a36d8b483e913a7809d48b650273c48123d5b187890bf28a720cbb8a63962,1280,720,human_verified
sudden_heavy_rain,Sudden heavy rain,environmental,Clear,Night,front_frame_00000300,4,evaluation_20260909/sudden_heavy_rain/night__clear/front_frame_00000300.png,d0e19ad0adbb0a2900846bfb784abdeb1c2ec192f6272e3c3f1189c12f9029c2,1280,720,human_verified
sudden_heavy_rain,Sudden heavy rain,environmental,Clear,Night,front_frame_00000400,5,evaluation_20260909/sudden_heavy_rain/night__clear/front_frame_00000400.png,82423094c8c6f6c40c1a9c4844e54b1d2a440f042f3844e66a29ffcddcc8455b,1280,720,human_verified
sudden_heavy_rain,Sudden heavy rain,environmental,Foggy,Night,front_frame_00000001,1,evaluation_20260909/sudden_heavy_rain/night__foggy/front_frame_00000001.png,a296ae2cb4da43657dbdb0f9418ba94d179f61d9bcc6a74994620c7b5fda77b8,1280,720,human_verified
sudden_heavy_rain,Sudden heavy rain,environmental,Foggy,Night,front_frame_00000101,2,evaluation_20260909/sudden_heavy_rain/night__foggy/front_frame_00000101.png,d2d913d3e975bdbf6ee9b92500812cd996689a1665d4d234f69a08accff0e058,1280,720,human_verified
sudden_heavy_rain,Sudden heavy rain,environmental,Foggy,Night,front_frame_00000201,3,evaluation_20260909/sudden_heavy_rain/night__foggy/front_frame_00000201.png,40867c4d14e8a9146dd0ded067101ad0c1c75225dd35901537011ebd23277402,1280,720,human_verified
sudden_heavy_rain,Sudden heavy rain,environmental,Foggy,Night,front_frame_00000300,4,evaluation_20260909/sudden_heavy_rain/night__foggy/front_frame_00000300.png,bb08ec28740708e61c5484f53f4b3fddd89a8a95180ba193e9ce90ab69e5225d,1280,720,human_verified
sudden_heavy_rain,Sudden heavy rain,environmental,Foggy,Night,front_frame_00000400,5,evaluation_20260909/sudden_heavy_rain/night__foggy/front_frame_00000400.png,0672f243b354137e5df88f6be0c8e67a366b76791f2652eb87a26de8ffb3de88,1280,720,human_verified
sudden_heavy_rain,Sudden heavy rain,environmental,Heavy Rainy,Night,front_frame_00000001,1,evaluation_20260909/sudden_heavy_rain/night__storm/front_frame_00000001.png,ff6c91babfe296cd5deafb092f69f6bff2bb1cbeb2f86581d1f636d5add57621,1280,720,human_verified
sudden_heavy_rain,Sudden heavy rain,environmental,Heavy Rainy,Night,front_frame_00000101,2,evaluation_20260909/sudden_heavy_rain/night__storm/front_frame_00000101.png,31a5c4276f0601fa5b348fa28ca73afc55f26e4b09c5dbeae257f641fd856dd9,1280,720,human_verified
sudden_heavy_rain,Sudden heavy rain,environmental,Heavy Rainy,Night,front_frame_00000201,3,evaluation_20260909/sudden_heavy_rain/night__storm/front_frame_00000201.png,cb3b5cfeebb159b897f7442a6f1b297e6415dc993f9b0db813992dcace55c07c,1280,720,human_verified
sudden_heavy_rain,Sudden heavy rain,environmental,Heavy Rainy,Night,front_frame_00000300,4,evaluation_20260909/sudden_heavy_rain/night__storm/front_frame_00000300.png,7bbadd90c0e03460df576daab21f51bb67e11fe98896a192c56293c629522ecf,1280,720,human_verified
sudden_heavy_rain,Sudden heavy rain,environmental,Heavy Rainy,Night,front_frame_00000400,5,evaluation_20260909/sudden_heavy_rain/night__storm/front_frame_00000400.png,644bafdba4d24de02ef9f3d5ba739cd01decdb4440ffe3d7531bc515a22a3dc4,1280,720,human_verified
sudden_heavy_rain,Sudden heavy rain,environmental,Stormy,Night,front_frame_00000001,1,evaluation_20260909/sudden_heavy_rain/night__worst/front_frame_00000001.png,38fbc7f3d49ff3d8886acc214d95d79520b171e169189d4e5367c423382be993,1280,720,human_verified
sudden_heavy_rain,Sudden heavy rain,environmental,Stormy,Night,front_frame_00000101,2,evaluation_20260909/sudden_heavy_rain/night__worst/front_frame_00000101.png,0468b2aeb8b1f57116bd2180e3d04e7ccafdbc6a81844e86218748066bafa919,1280,720,human_verified
sudden_heavy_rain,Sudden heavy rain,environmental,Stormy,Night,front_frame_00000201,3,evaluation_20260909/sudden_heavy_rain/night__worst/front_frame_00000201.png,e72b2ab03682c0e65b54d73e3849264751bc2a2d04f3ef0c639d061e67ab2a15,1280,720,human_verified
sudden_heavy_rain,Sudden heavy rain,environmental,Stormy,Night,front_frame_00000300,4,evaluation_20260909/sudden_heavy_rain/night__worst/front_frame_00000300.png,bfd6bad84e61142c3714cdce5168642f1d1c3f06109ccb7cd33b649804d2311d,1280,720,human_verified
sudden_heavy_rain,Sudden heavy rain,environmental,Stormy,Night,front_frame_00000400,5,evaluation_20260909/sudden_heavy_rain/night__worst/front_frame_00000400.png,104a5fe876acbf9be61800a953da40833a679dd0802349d98813616ea9be406a,1280,720,human_verified
sudden_heavy_rain,Sudden heavy rain,environmental,Clear,Noon,front_frame_00000001,1,evaluation_20260909/sudden_heavy_rain/noon__clear/front_frame_00000001.png,027105b10e19030ba8630beb11bf04167ea5137fa8cf61b5d9424925beecd2cf,1280,720,human_verified
sudden_heavy_rain,Sudden heavy rain,environmental,Clear,Noon,front_frame_00000101,2,evaluation_20260909/sudden_heavy_rain/noon__clear/front_frame_00000101.png,86f1112befc425f9a7a282103f933c9b0d7d059a64d7612ddcc8d9824366cf2e,1280,720,human_verified
sudden_heavy_rain,Sudden heavy rain,environmental,Clear,Noon,front_frame_00000201,3,evaluation_20260909/sudden_heavy_rain/noon__clear/front_frame_00000201.png,f1205c0170813c3c8654c1dca0034fff728f4eacdecfc64d7db7b68578fe9bcd,1280,720,human_verified
sudden_heavy_rain,Sudden heavy rain,environmental,Clear,Noon,front_frame_00000300,4,evaluation_20260909/sudden_heavy_rain/noon__clear/front_frame_00000300.png,55aa96e74c1293659ea327c330f3fd1ceb71c5982ff58e8f0eb3b65622dda1c9,1280,720,human_verified
sudden_heavy_rain,Sudden heavy rain,environmental,Clear,Noon,front_frame_00000400,5,evaluation_20260909/sudden_heavy_rain/noon__clear/front_frame_00000400.png,30cbd6f334973fc5d3e6c85775069a66db752df1050fb3e1b99e798c5b66bed1,1280,720,human_verified
sudden_heavy_rain,Sudden heavy rain,environmental,Foggy,Noon,front_frame_00000001,1,evaluation_20260909/sudden_heavy_rain/noon__foggy/front_frame_00000001.png,ab5c3ded2cf3a998733d83441ca79a54d7e09d334a0071bfe1cab408488f1aa3,1280,720,human_verified
sudden_heavy_rain,Sudden heavy rain,environmental,Foggy,Noon,front_frame_00000101,2,evaluation_20260909/sudden_heavy_rain/noon__foggy/front_frame_00000101.png,6d6863434c900eacd7e58cf408d7d63d7dbe87a78dee349237d065d3768d8440,1280,720,human_verified
sudden_heavy_rain,Sudden heavy rain,environmental,Foggy,Noon,front_frame_00000201,3,evaluation_20260909/sudden_heavy_rain/noon__foggy/front_frame_00000201.png,bbd332f3fff19e1861af4792bc62487dac604b559948efdeed527a5ea5e43b8e,1280,720,human_verified
sudden_heavy_rain,Sudden heavy rain,environmental,Foggy,Noon,front_frame_00000300,4,evaluation_20260909/sudden_heavy_rain/noon__foggy/front_frame_00000300.png,45c1d047c962122ad03a5bcfda91d9df2b50756f68a7d25306e26ea3b8fbda7e,1280,720,human_verified
sudden_heavy_rain,Sudden heavy rain,environmental,Foggy,Noon,front_frame_00000400,5,evaluation_20260909/sudden_heavy_rain/noon__foggy/front_frame_00000400.png,17f2441673331aa5c9d68f052033c8e9316653c0d4795b4b0ab721ae11c893d2,1280,720,human_verified
sudden_heavy_rain,Sudden heavy rain,environmental,Heavy Rainy,Noon,front_frame_00000001,1,evaluation_20260909/sudden_heavy_rain/noon__storm/front_frame_00000001.png,57128103d14368dcf8c62055bf0481da6e46a06a2d3ab7f5cabdef33ab0112f3,1280,720,human_verified
sudden_heavy_rain,Sudden heavy rain,environmental,Heavy Rainy,Noon,front_frame_00000101,2,evaluation_20260909/sudden_heavy_rain/noon__storm/front_frame_00000101.png,793371ccd3394018875c3f09186963df4a7af80ad6589c4f1f3359b9c58e40b7,1280,720,human_verified
sudden_heavy_rain,Sudden heavy rain,environmental,Heavy Rainy,Noon,front_frame_00000201,3,evaluation_20260909/sudden_heavy_rain/noon__storm/front_frame_00000201.png,ab755c538dc85d42f9d37356f910bf2afd837f6182b9f46ed7562e545cee4136,1280,720,human_verified
sudden_heavy_rain,Sudden heavy rain,environmental,Heavy Rainy,Noon,front_frame_00000300,4,evaluation_20260909/sudden_heavy_rain/noon__storm/front_frame_00000300.png,efa230c844af9f6add3caa9d738b438ad4f824ed2b1ce5fd06b99f3f092e4e51,1280,720,human_verified
sudden_heavy_rain,Sudden heavy rain,environmental,Heavy Rainy,Noon,front_frame_00000400,5,evaluation_20260909/sudden_heavy_rain/noon__storm/front_frame_00000400.png,52b94958e1707963a4cea81603a3a5cac7193e6a098676908700f8da1576811f,1280,720,human_verified
sudden_heavy_rain,Sudden heavy rain,environmental,Stormy,Noon,front_frame_00000001,1,evaluation_20260909/sudden_heavy_rain/noon__worst/front_frame_00000001.png,94d2f5c032987593a68b3474a0ad85bde170d20e297c3ede65223edf6662451b,1280,720,human_verified
sudden_heavy_rain,Sudden heavy rain,environmental,Stormy,Noon,front_frame_00000101,2,evaluation_20260909/sudden_heavy_rain/noon__worst/front_frame_00000101.png,7a80f80a29682ecc1f7798ef2f0cf361da87e72846765f91a0cda4063a4c12d1,1280,720,human_verified
sudden_heavy_rain,Sudden heavy rain,environmental,Stormy,Noon,front_frame_00000201,3,evaluation_20260909/sudden_heavy_rain/noon__worst/front_frame_00000201.png,f9d4697b41a511dcfb527efe9170facb5109fe1c9b3d12c509084d974ec435d6,1280,720,human_verified
sudden_heavy_rain,Sudden heavy rain,environmental,Stormy,Noon,front_frame_00000300,4,evaluation_20260909/sudden_heavy_rain/noon__worst/front_frame_00000300.png,f6f498ab65bd797e5117cc722c78b0aefff9378ca818a1cfac2bf9c797f47b65,1280,720,human_verified
sudden_heavy_rain,Sudden heavy rain,environmental,Stormy,Noon,front_frame_00000400,5,evaluation_20260909/sudden_heavy_rain/noon__worst/front_frame_00000400.png,b5315ee0b569e0ff1d099d8851726ac74d9213fc9814d0a6d12b3db37f2ed406,1280,720,human_verified
sudden_obstacle_drop,Sudden obstacle drop,dynamic_object,Clear,Night,front_frame_00000040,1,evaluation_20260909/sudden_obstacle_drop/night__clear/front_frame_00000040.png,311153adb3d799a68a38b68c8514c3a9632dd5a243f2bafce9a8701566a1559d,1280,720,human_verified
sudden_obstacle_drop,Sudden obstacle drop,dynamic_object,Clear,Night,front_frame_00000070,2,evaluation_20260909/sudden_obstacle_drop/night__clear/front_frame_00000070.png,0deac10868b60b4bf4245c0e3ec3ac0b1264a16d2d0d85b324266cabe211e054,1280,720,human_verified
sudden_obstacle_drop,Sudden obstacle drop,dynamic_object,Clear,Night,front_frame_00000095,3,evaluation_20260909/sudden_obstacle_drop/night__clear/front_frame_00000095.png,44acb8d32df47588f14aeec89c5c60b8c8e4456875370b7b7788ff1a7faa8ac2,1280,720,human_verified
sudden_obstacle_drop,Sudden obstacle drop,dynamic_object,Clear,Night,front_frame_00000120,4,evaluation_20260909/sudden_obstacle_drop/night__clear/front_frame_00000120.png,6e7d44de0540ebfdfe0b8b6a401929a18a33d03cac4446b3fa68b665427735a8,1280,720,human_verified
sudden_obstacle_drop,Sudden obstacle drop,dynamic_object,Clear,Night,front_frame_00000250,5,evaluation_20260909/sudden_obstacle_drop/night__clear/front_frame_00000250.png,386a325316ebdf31954ffb06dad3c3f736806338abd483cb4357c90c331bb9e1,1280,720,human_verified
sudden_obstacle_drop,Sudden obstacle drop,dynamic_object,Foggy,Night,front_frame_00000040,1,evaluation_20260909/sudden_obstacle_drop/night__foggy/front_frame_00000040.png,f729feb832598709c9840d78df64cb9a57954a056b71af5af97c8d26154e74cf,1280,720,human_verified
sudden_obstacle_drop,Sudden obstacle drop,dynamic_object,Foggy,Night,front_frame_00000070,2,evaluation_20260909/sudden_obstacle_drop/night__foggy/front_frame_00000070.png,59d1fb821379b537c536e9a424d546520b9c1d6393762dfaa7e6581d1375768a,1280,720,human_verified
sudden_obstacle_drop,Sudden obstacle drop,dynamic_object,Foggy,Night,front_frame_00000095,3,evaluation_20260909/sudden_obstacle_drop/night__foggy/front_frame_00000095.png,707c2dc211ba9751646057e1a092ca92327c77c40fcd8854aa79c11fdb4d85c9,1280,720,human_verified
sudden_obstacle_drop,Sudden obstacle drop,dynamic_object,Foggy,Night,front_frame_00000120,4,evaluation_20260909/sudden_obstacle_drop/night__foggy/front_frame_00000120.png,f821ef14e647b147c43ce9149889c4ec6667994644d36a933637c719544671b6,1280,720,human_verified
sudden_obstacle_drop,Sudden obstacle drop,dynamic_object,Foggy,Night,front_frame_00000250,5,evaluation_20260909/sudden_obstacle_drop/night__foggy/front_frame_00000250.png,5dc23dd0c40d02c080a6366541dfe87929307b81433199f3a82e90076028e4f5,1280,720,human_verified
sudden_obstacle_drop,Sudden obstacle drop,dynamic_object,Heavy Rainy,Night,front_frame_00000040,1,evaluation_20260909/sudden_obstacle_drop/night__storm/front_frame_00000040.png,e9d83923cf2f0d4f16865c53aa2ed36288effd643d236420922a212b6626030e,1280,720,human_verified
sudden_obstacle_drop,Sudden obstacle drop,dynamic_object,Heavy Rainy,Night,front_frame_00000070,2,evaluation_20260909/sudden_obstacle_drop/night__storm/front_frame_00000070.png,171a179fb893c5048dc775c1550794ccb6b9b1cdb1902d3998c8609124c624c5,1280,720,human_verified
sudden_obstacle_drop,Sudden obstacle drop,dynamic_object,Heavy Rainy,Night,front_frame_00000095,3,evaluation_20260909/sudden_obstacle_drop/night__storm/front_frame_00000095.png,88f4b8ca8b1222dc33f66203055fd0770ad7c5e2f521376e8d98357c7f7650ab,1280,720,human_verified
sudden_obstacle_drop,Sudden obstacle drop,dynamic_object,Heavy Rainy,Night,front_frame_00000120,4,evaluation_20260909/sudden_obstacle_drop/night__storm/front_frame_00000120.png,518531245fb44a0197713fda2e3433e532188d1a87d5cf93a2293ceca55ed8f9,1280,720,human_verified
sudden_obstacle_drop,Sudden obstacle drop,dynamic_object,Heavy Rainy,Night,front_frame_00000250,5,evaluation_20260909/sudden_obstacle_drop/night__storm/front_frame_00000250.png,b1e9d7d64570ca64871dfb31f8c2b5d19eed614a04cb477584df2758e5f62f42,1280,720,human_verified
sudden_obstacle_drop,Sudden obstacle drop,dynamic_object,Stormy,Night,front_frame_00000040,1,evaluation_20260909/sudden_obstacle_drop/night__worst/front_frame_00000040.png,954c1719a53f0dc895b758f77cb27e7e1f14dfe68b5ad87fecff7ce5797b5a7d,1280,720,human_verified
sudden_obstacle_drop,Sudden obstacle drop,dynamic_object,Stormy,Night,front_frame_00000070,2,evaluation_20260909/sudden_obstacle_drop/night__worst/front_frame_00000070.png,56a8ee199c937b0afc7042f4a73b20070442c5da97c6b89bf0f9fe16ce7b526d,1280,720,human_verified
sudden_obstacle_drop,Sudden obstacle drop,dynamic_object,Stormy,Night,front_frame_00000095,3,evaluation_20260909/sudden_obstacle_drop/night__worst/front_frame_00000095.png,f35cb3ea066d3b41fff6b547fdda975238f003f9ea80f80db63a70ed0b6058ee,1280,720,human_verified
sudden_obstacle_drop,Sudden obstacle drop,dynamic_object,Stormy,Night,front_frame_00000120,4,evaluation_20260909/sudden_obstacle_drop/night__worst/front_frame_00000120.png,033d21abec0090eee3c0c6b444002780766cc0676d7f807cfb45f7a5c9474c99,1280,720,human_verified
sudden_obstacle_drop,Sudden obstacle drop,dynamic_object,Stormy,Night,front_frame_00000250,5,evaluation_20260909/sudden_obstacle_drop/night__worst/front_frame_00000250.png,0b064175799676f73b751b0a78e8869f57f970113293b4f2edf6bbce78fe95aa,1280,720,human_verified
sudden_obstacle_drop,Sudden obstacle drop,dynamic_object,Clear,Noon,front_frame_00000040,1,evaluation_20260909/sudden_obstacle_drop/noon__clear/front_frame_00000040.png,d129e9694f9f7ef427140b84968e633c2e72e8d221e5f30766488d6bb5a8bd13,1280,720,human_verified
sudden_obstacle_drop,Sudden obstacle drop,dynamic_object,Clear,Noon,front_frame_00000070,2,evaluation_20260909/sudden_obstacle_drop/noon__clear/front_frame_00000070.png,5f3eef2bbb88e7f7ada7f338bbdf5db60a866acb30db3624770a1745279012f3,1280,720,human_verified
sudden_obstacle_drop,Sudden obstacle drop,dynamic_object,Clear,Noon,front_frame_00000095,3,evaluation_20260909/sudden_obstacle_drop/noon__clear/front_frame_00000095.png,c9a8fcc0bdda182e6486103d7e2bd34916caabbdf94a99b7d5f40528168812d7,1280,720,human_verified
sudden_obstacle_drop,Sudden obstacle drop,dynamic_object,Clear,Noon,front_frame_00000120,4,evaluation_20260909/sudden_obstacle_drop/noon__clear/front_frame_00000120.png,924d1e9c2dda60deef6a18018bd75a27c618546596a822da9192ff9690291a7a,1280,720,human_verified
sudden_obstacle_drop,Sudden obstacle drop,dynamic_object,Clear,Noon,front_frame_00000250,5,evaluation_20260909/sudden_obstacle_drop/noon__clear/front_frame_00000250.png,63faf98f674b66c66699b52fcef1de168b7c5e5f2169f073a43df88030972301,1280,720,human_verified
sudden_obstacle_drop,Sudden obstacle drop,dynamic_object,Foggy,Noon,front_frame_00000040,1,evaluation_20260909/sudden_obstacle_drop/noon__foggy/front_frame_00000040.png,518a2bbf3165c0c7c61cee045606f4e86789c2d9e9db96d69063088184908ac8,1280,720,human_verified
sudden_obstacle_drop,Sudden obstacle drop,dynamic_object,Foggy,Noon,front_frame_00000070,2,evaluation_20260909/sudden_obstacle_drop/noon__foggy/front_frame_00000070.png,dea0a11317efa2924d1c6830815c6ec461632bf346b9548e3ec9d9ca1f6dbb5f,1280,720,human_verified
sudden_obstacle_drop,Sudden obstacle drop,dynamic_object,Foggy,Noon,front_frame_00000095,3,evaluation_20260909/sudden_obstacle_drop/noon__foggy/front_frame_00000095.png,8941c3ce8e86c1379dbb2aba7e1626616b7b802de8e1e708b91f53ad73b3d155,1280,720,human_verified
sudden_obstacle_drop,Sudden obstacle drop,dynamic_object,Foggy,Noon,front_frame_00000120,4,evaluation_20260909/sudden_obstacle_drop/noon__foggy/front_frame_00000120.png,724b9e97db8ac5848d94044ce63a53b4b3716842585bb99e549d3b52fce889c7,1280,720,human_verified
sudden_obstacle_drop,Sudden obstacle drop,dynamic_object,Foggy,Noon,front_frame_00000250,5,evaluation_20260909/sudden_obstacle_drop/noon__foggy/front_frame_00000250.png,7de46dbb525b1795675aed40f20739f51eb40957d6e2742c9e8696499dc24715,1280,720,human_verified
sudden_obstacle_drop,Sudden obstacle drop,dynamic_object,Heavy Rainy,Noon,front_frame_00000040,1,evaluation_20260909/sudden_obstacle_drop/noon__storm/front_frame_00000040.png,37f38da939eb5f558897b06dbbe76bd3079e2ce2b466de10fcbb7b51cf722860,1280,720,human_verified
sudden_obstacle_drop,Sudden obstacle drop,dynamic_object,Heavy Rainy,Noon,front_frame_00000070,2,evaluation_20260909/sudden_obstacle_drop/noon__storm/front_frame_00000070.png,2d289b0ea8735966d1ef120f05141ecdfadf84c7bf1cd680693e66e4fcdd824f,1280,720,human_verified
sudden_obstacle_drop,Sudden obstacle drop,dynamic_object,Heavy Rainy,Noon,front_frame_00000095,3,evaluation_20260909/sudden_obstacle_drop/noon__storm/front_frame_00000095.png,2b4491352541c310b859103a6815dae43e73867ce2a69afa94d8df95ce83f9f6,1280,720,human_verified
sudden_obstacle_drop,Sudden obstacle drop,dynamic_object,Heavy Rainy,Noon,front_frame_00000120,4,evaluation_20260909/sudden_obstacle_drop/noon__storm/front_frame_00000120.png,d908a0d144bf1276d9e718e6c437e0fa96b1286d351571ff9f573c0c7bd87782,1280,720,human_verified
sudden_obstacle_drop,Sudden obstacle drop,dynamic_object,Heavy Rainy,Noon,front_frame_00000250,5,evaluation_20260909/sudden_obstacle_drop/noon__storm/front_frame_00000250.png,9a766313ade044d1f4b3b81fe0333426b83aa786d671ab12f1d3d2070a7fb643,1280,720,human_verified
sudden_obstacle_drop,Sudden obstacle drop,dynamic_object,Stormy,Noon,front_frame_00000040,1,evaluation_20260909/sudden_obstacle_drop/noon__worst/front_frame_00000040.png,54bf3ab28fd777160449e9c3719337d89092b24ffd2448af261b5228e8d4ddd6,1280,720,human_verified
sudden_obstacle_drop,Sudden obstacle drop,dynamic_object,Stormy,Noon,front_frame_00000070,2,evaluation_20260909/sudden_obstacle_drop/noon__worst/front_frame_00000070.png,0c1ea74619e0d55eee658cf564709fc7321a12b50661ea78088529b0cf643873,1280,720,human_verified
sudden_obstacle_drop,Sudden obstacle drop,dynamic_object,Stormy,Noon,front_frame_00000095,3,evaluation_20260909/sudden_obstacle_drop/noon__worst/front_frame_00000095.png,345e115a3ec65dad8f6dd33083506a72a7e143056dfe8ae4d6d666d5191e54d4,1280,720,human_verified
sudden_obstacle_drop,Sudden obstacle drop,dynamic_object,Stormy,Noon,front_frame_00000120,4,evaluation_20260909/sudden_obstacle_drop/noon__worst/front_frame_00000120.png,672e3c5db8915efd17c986a76ca0cf4812615a64cf3c2cc1f08e9d14a0adb83f,1280,720,human_verified
sudden_obstacle_drop,Sudden obstacle drop,dynamic_object,Stormy,Noon,front_frame_00000250,5,evaluation_20260909/sudden_obstacle_drop/noon__worst/front_frame_00000250.png,d62c7f394aca0405e73b37e8e39b07a0ebe8fd762a656443c6dd29a37fd3793b,1280,720,human_verified
sudden_pedestrian_crossing,Sudden pedestrian crossing,road_user,Clear,Night,front_frame_00000200,1,evaluation_20260909/sudden_pedestrian_crossing/night__clear/front_frame_00000200.png,aad243ea1a7a12de26332fa953aa1e5916a9308b56ed25545be594db2c3020b0,1280,720,human_verified
sudden_pedestrian_crossing,Sudden pedestrian crossing,road_user,Clear,Night,front_frame_00000250,2,evaluation_20260909/sudden_pedestrian_crossing/night__clear/front_frame_00000250.png,ee4d599c691d2a4ac69b24ec7749637e586199845c18b59999694dc2dfb629e7,1280,720,human_verified
sudden_pedestrian_crossing,Sudden pedestrian crossing,road_user,Clear,Night,front_frame_00000300,3,evaluation_20260909/sudden_pedestrian_crossing/night__clear/front_frame_00000300.png,53067df765cb0c4c2252956860813fbc704225159117acf67b75b3268bfd6d19,1280,720,human_verified
sudden_pedestrian_crossing,Sudden pedestrian crossing,road_user,Clear,Night,front_frame_00000350,4,evaluation_20260909/sudden_pedestrian_crossing/night__clear/front_frame_00000350.png,f54163b4161332b43f2a068e62ac5275c367dd8e4e0b0e9275bf19f4142fe101,1280,720,human_verified
sudden_pedestrian_crossing,Sudden pedestrian crossing,road_user,Clear,Night,front_frame_00000400,5,evaluation_20260909/sudden_pedestrian_crossing/night__clear/front_frame_00000400.png,0a6a50d0bcd1e022b53d2c2867ad4a0ec04c8d22a4d1fecc9c22704f625724f3,1280,720,human_verified
sudden_pedestrian_crossing,Sudden pedestrian crossing,road_user,Foggy,Night,front_frame_00000200,1,evaluation_20260909/sudden_pedestrian_crossing/night__foggy/front_frame_00000200.png,c50ad04b8681c5fc09d9a993991d43ae32596ac104601d2ddeda2746c4ab16dc,1280,720,human_verified
sudden_pedestrian_crossing,Sudden pedestrian crossing,road_user,Foggy,Night,front_frame_00000250,2,evaluation_20260909/sudden_pedestrian_crossing/night__foggy/front_frame_00000250.png,8c3c173f518feb73a85643154c06e4866d9c2c6a4e2def6a1ead34fd8877a21a,1280,720,human_verified
sudden_pedestrian_crossing,Sudden pedestrian crossing,road_user,Foggy,Night,front_frame_00000300,3,evaluation_20260909/sudden_pedestrian_crossing/night__foggy/front_frame_00000300.png,0187e2ec978386be43018cdfda84b2a5ee0a54ac144de79a398a341b4eded3b1,1280,720,human_verified
sudden_pedestrian_crossing,Sudden pedestrian crossing,road_user,Foggy,Night,front_frame_00000350,4,evaluation_20260909/sudden_pedestrian_crossing/night__foggy/front_frame_00000350.png,fe3596d3f1a871f069cbbfca187be3e3b12783ef70f598064bd6630956c896df,1280,720,human_verified
sudden_pedestrian_crossing,Sudden pedestrian crossing,road_user,Foggy,Night,front_frame_00000400,5,evaluation_20260909/sudden_pedestrian_crossing/night__foggy/front_frame_00000400.png,9b6879a27a779c46ee1444822997be5679a6330559509cc0bfb505e0d471221e,1280,720,human_verified
sudden_pedestrian_crossing,Sudden pedestrian crossing,road_user,Heavy Rainy,Night,front_frame_00000200,1,evaluation_20260909/sudden_pedestrian_crossing/night__storm/front_frame_00000200.png,777bfff31eca40e9c903b60d065b6051c72d2c92e6698c3556dd0c92e0bcddde,1280,720,human_verified
sudden_pedestrian_crossing,Sudden pedestrian crossing,road_user,Heavy Rainy,Night,front_frame_00000250,2,evaluation_20260909/sudden_pedestrian_crossing/night__storm/front_frame_00000250.png,ec13e4a33b2b364970865edaed763f07898ed2559281a516a8bc2bda09324536,1280,720,human_verified
sudden_pedestrian_crossing,Sudden pedestrian crossing,road_user,Heavy Rainy,Night,front_frame_00000300,3,evaluation_20260909/sudden_pedestrian_crossing/night__storm/front_frame_00000300.png,14071b2de61a2beefe9a250c02b79cd30b3cd6e7ecd48adc068b0c9ca10fed75,1280,720,human_verified
sudden_pedestrian_crossing,Sudden pedestrian crossing,road_user,Heavy Rainy,Night,front_frame_00000350,4,evaluation_20260909/sudden_pedestrian_crossing/night__storm/front_frame_00000350.png,9c051c4a357104098621e19a63ca3f707d286df1a6b2b07be288ee965f4999d2,1280,720,human_verified
sudden_pedestrian_crossing,Sudden pedestrian crossing,road_user,Heavy Rainy,Night,front_frame_00000400,5,evaluation_20260909/sudden_pedestrian_crossing/night__storm/front_frame_00000400.png,20e75290f122981c783838e6e65480dd296e88f4cd51e7ce3bbb6d22b32d34c2,1280,720,human_verified
sudden_pedestrian_crossing,Sudden pedestrian crossing,road_user,Stormy,Night,front_frame_00000200,1,evaluation_20260909/sudden_pedestrian_crossing/night__worst/front_frame_00000200.png,273cddca0c8d9a3c33ada6e0551a0b2e537ccb8cd8ff67067829ec815579b124,1280,720,human_verified
sudden_pedestrian_crossing,Sudden pedestrian crossing,road_user,Stormy,Night,front_frame_00000250,2,evaluation_20260909/sudden_pedestrian_crossing/night__worst/front_frame_00000250.png,15284347a48c47d55f2f82b1fc63281623d0a1eed9f64d157dc26bf3bb7a5b88,1280,720,human_verified
sudden_pedestrian_crossing,Sudden pedestrian crossing,road_user,Stormy,Night,front_frame_00000300,3,evaluation_20260909/sudden_pedestrian_crossing/night__worst/front_frame_00000300.png,b0d983a8169a9f5a5fedc8f8c85bd51c403d9cbb2e04663ea3b357e6df7f52a6,1280,720,human_verified
sudden_pedestrian_crossing,Sudden pedestrian crossing,road_user,Stormy,Night,front_frame_00000350,4,evaluation_20260909/sudden_pedestrian_crossing/night__worst/front_frame_00000350.png,44ba8b3e423b77fb63c7bac5481216e7514fe84f8333b3e85a8ea47f265b2af6,1280,720,human_verified
sudden_pedestrian_crossing,Sudden pedestrian crossing,road_user,Stormy,Night,front_frame_00000400,5,evaluation_20260909/sudden_pedestrian_crossing/night__worst/front_frame_00000400.png,75e8c6ec8210298c94bd304b53572c6353b8a6639ee5a3941c7869c7f36106c3,1280,720,human_verified
sudden_pedestrian_crossing,Sudden pedestrian crossing,road_user,Clear,Noon,front_frame_00000200,1,evaluation_20260909/sudden_pedestrian_crossing/noon__clear/front_frame_00000200.png,bf3eefdc355dbf375bef66721ee3cbafe677bc69bda9199516e79f46e8391c8d,1280,720,human_verified
sudden_pedestrian_crossing,Sudden pedestrian crossing,road_user,Clear,Noon,front_frame_00000250,2,evaluation_20260909/sudden_pedestrian_crossing/noon__clear/front_frame_00000250.png,fe2c06e49ba6769f59dfd0be7609aced0ca205782249a385e0f27fc724e02597,1280,720,human_verified
sudden_pedestrian_crossing,Sudden pedestrian crossing,road_user,Clear,Noon,front_frame_00000300,3,evaluation_20260909/sudden_pedestrian_crossing/noon__clear/front_frame_00000300.png,2a179ce6512a8fdd9d64f372736e5930bb0186635ce976348a86831aee9604ac,1280,720,human_verified
sudden_pedestrian_crossing,Sudden pedestrian crossing,road_user,Clear,Noon,front_frame_00000350,4,evaluation_20260909/sudden_pedestrian_crossing/noon__clear/front_frame_00000350.png,bf33b41976221d4b58feeb83eb56eb64baea000accbd20185860b250a46e6478,1280,720,human_verified
sudden_pedestrian_crossing,Sudden pedestrian crossing,road_user,Clear,Noon,front_frame_00000400,5,evaluation_20260909/sudden_pedestrian_crossing/noon__clear/front_frame_00000400.png,73534914b2c1a05dc3defdd1fb47826bc76cc5ceea3ca5d36f21b024010a39a5,1280,720,human_verified
sudden_pedestrian_crossing,Sudden pedestrian crossing,road_user,Foggy,Noon,front_frame_00000200,1,evaluation_20260909/sudden_pedestrian_crossing/noon__foggy/front_frame_00000200.png,f029bc517f8d685db368810bb9becf9a9799f7d7705966eb0cf09f4e4c8bab93,1280,720,human_verified
sudden_pedestrian_crossing,Sudden pedestrian crossing,road_user,Foggy,Noon,front_frame_00000250,2,evaluation_20260909/sudden_pedestrian_crossing/noon__foggy/front_frame_00000250.png,3530d4ff2c63cde8dc4b24b6e1d9d49c31370a77774d102d847bf1fde72274ee,1280,720,human_verified
sudden_pedestrian_crossing,Sudden pedestrian crossing,road_user,Foggy,Noon,front_frame_00000300,3,evaluation_20260909/sudden_pedestrian_crossing/noon__foggy/front_frame_00000300.png,d368d45f82d172bd9e7102560f74ffaec3a87eb337818a01f0311d76fcd28f4f,1280,720,human_verified
sudden_pedestrian_crossing,Sudden pedestrian crossing,road_user,Foggy,Noon,front_frame_00000350,4,evaluation_20260909/sudden_pedestrian_crossing/noon__foggy/front_frame_00000350.png,06a6ac413b95a77b030f3d799b01d93d14ec5328bcc05e7256e0050ca2725de8,1280,720,human_verified
sudden_pedestrian_crossing,Sudden pedestrian crossing,road_user,Foggy,Noon,front_frame_00000400,5,evaluation_20260909/sudden_pedestrian_crossing/noon__foggy/front_frame_00000400.png,2dc69ae95d53e7d81131792add57c98e75df0eff45d5b152b2550ee13e41f4db,1280,720,human_verified
sudden_pedestrian_crossing,Sudden pedestrian crossing,road_user,Heavy Rainy,Noon,front_frame_00000200,1,evaluation_20260909/sudden_pedestrian_crossing/noon__storm/front_frame_00000200.png,342aa9f0c32fe4e924614953adfdb18fcd25800eba29498394556737796b0bef,1280,720,human_verified
sudden_pedestrian_crossing,Sudden pedestrian crossing,road_user,Heavy Rainy,Noon,front_frame_00000250,2,evaluation_20260909/sudden_pedestrian_crossing/noon__storm/front_frame_00000250.png,3c601613af19693f1313e697500af4fbe6f55c661daf3a6f48a2102191f98cc4,1280,720,human_verified
sudden_pedestrian_crossing,Sudden pedestrian crossing,road_user,Heavy Rainy,Noon,front_frame_00000300,3,evaluation_20260909/sudden_pedestrian_crossing/noon__storm/front_frame_00000300.png,7e54c5d0fdd49707b4901669b4dc136499ab2ca6b6ecdc2d67a84b24d78436b6,1280,720,human_verified
sudden_pedestrian_crossing,Sudden pedestrian crossing,road_user,Heavy Rainy,Noon,front_frame_00000350,4,evaluation_20260909/sudden_pedestrian_crossing/noon__storm/front_frame_00000350.png,e3a64583507aed74269be42418d53bd54568f86185fc4db4845a861f4e58762c,1280,720,human_verified
sudden_pedestrian_crossing,Sudden pedestrian crossing,road_user,Heavy Rainy,Noon,front_frame_00000400,5,evaluation_20260909/sudden_pedestrian_crossing/noon__storm/front_frame_00000400.png,80600709c1f4f8c49c38035ca54b5911824d028a439ff9a4a28c1dfa5be1cba6,1280,720,human_verified
sudden_pedestrian_crossing,Sudden pedestrian crossing,road_user,Stormy,Noon,front_frame_00000200,1,evaluation_20260909/sudden_pedestrian_crossing/noon__worst/front_frame_00000200.png,0e5c0e6c74b9c2b7423d3683ec575539bbaae5b074db9559211395a5b8b055d7,1280,720,human_verified
sudden_pedestrian_crossing,Sudden pedestrian crossing,road_user,Stormy,Noon,front_frame_00000250,2,evaluation_20260909/sudden_pedestrian_crossing/noon__worst/front_frame_00000250.png,6f5a4bea2d1a25d0935a9e45b9eba4a97301fb235a85d2887f5ad3a80f25910a,1280,720,human_verified
sudden_pedestrian_crossing,Sudden pedestrian crossing,road_user,Stormy,Noon,front_frame_00000300,3,evaluation_20260909/sudden_pedestrian_crossing/noon__worst/front_frame_00000300.png,3ec07c9bd1adc1b5075385143adde082c10e1f812796d9f8055d2d0741c7d170,1280,720,human_verified
sudden_pedestrian_crossing,Sudden pedestrian crossing,road_user,Stormy,Noon,front_frame_00000350,4,evaluation_20260909/sudden_pedestrian_crossing/noon__worst/front_frame_00000350.png,e9dee31b5c894e3430cf1ea56208f4eded150aa13633e39a9043eb10c61f2ee2,1280,720,human_verified
sudden_pedestrian_crossing,Sudden pedestrian crossing,road_user,Stormy,Noon,front_frame_00000400,5,evaluation_20260909/sudden_pedestrian_crossing/noon__worst/front_frame_00000400.png,619952dec0f7d5162f3d6136e5452cc8047604e1d67a42eee55a2e5106d9b32f,1280,720,human_verified
sudden_pedestrian_protest_march,Sudden pedestrian protest march,road_user,Clear,Night,front_frame_00000040,1,evaluation_20260909/sudden_pedestrian_protest_march/night__clear/front_frame_00000040.png,fa84040fd27fcca5ec493827b763f947d32bb28157f30edc6170f95bb8d92154,1280,720,human_verified
sudden_pedestrian_protest_march,Sudden pedestrian protest march,road_user,Clear,Night,front_frame_00000080,2,evaluation_20260909/sudden_pedestrian_protest_march/night__clear/front_frame_00000080.png,ff49cec4f5c79e0f91841eb793b5e48c89cacf58e277c43ecbf43c62baabd688,1280,720,human_verified
sudden_pedestrian_protest_march,Sudden pedestrian protest march,road_user,Clear,Night,front_frame_00000120,3,evaluation_20260909/sudden_pedestrian_protest_march/night__clear/front_frame_00000120.png,946c5953f032ff7eee8b957ec0dd3439b6ed77c64cfa4dbeb61359d056e3a43e,1280,720,human_verified
sudden_pedestrian_protest_march,Sudden pedestrian protest march,road_user,Clear,Night,front_frame_00000200,4,evaluation_20260909/sudden_pedestrian_protest_march/night__clear/front_frame_00000200.png,5afe791dc722d32b75fadb3204cd7ed8c1bd9dee2aeaed05e72474e4732fd8b8,1280,720,human_verified
sudden_pedestrian_protest_march,Sudden pedestrian protest march,road_user,Clear,Night,front_frame_00000320,5,evaluation_20260909/sudden_pedestrian_protest_march/night__clear/front_frame_00000320.png,52cdfb42046d67c39b2a65fda4572989f28df040e9efded09e794dbcf1455855,1280,720,human_verified
sudden_pedestrian_protest_march,Sudden pedestrian protest march,road_user,Foggy,Night,front_frame_00000040,1,evaluation_20260909/sudden_pedestrian_protest_march/night__foggy/front_frame_00000040.png,d9eb24d9da95d2a44afbeb404617f328ca68c43c31e8aa4e501053f253ec8ac7,1280,720,human_verified
sudden_pedestrian_protest_march,Sudden pedestrian protest march,road_user,Foggy,Night,front_frame_00000080,2,evaluation_20260909/sudden_pedestrian_protest_march/night__foggy/front_frame_00000080.png,e13873ff6500950184719c89a1c271fcd5e94858e865506b8d85524d0ad25d53,1280,720,human_verified
sudden_pedestrian_protest_march,Sudden pedestrian protest march,road_user,Foggy,Night,front_frame_00000120,3,evaluation_20260909/sudden_pedestrian_protest_march/night__foggy/front_frame_00000120.png,ddcc996b8e4634a2590a047b2e5cdefe6e0a279dae675ea99e94ce29a7f90bbd,1280,720,human_verified
sudden_pedestrian_protest_march,Sudden pedestrian protest march,road_user,Foggy,Night,front_frame_00000200,4,evaluation_20260909/sudden_pedestrian_protest_march/night__foggy/front_frame_00000200.png,bd7cae5fb9bc35d2906cdcee2b40a4a5be1caf3e8b20f00032a8ce5b77a6daab,1280,720,human_verified
sudden_pedestrian_protest_march,Sudden pedestrian protest march,road_user,Foggy,Night,front_frame_00000320,5,evaluation_20260909/sudden_pedestrian_protest_march/night__foggy/front_frame_00000320.png,003470064c5f91155fc9ae2bc710fd0b43b0625d70391763ad842bcb13c5f093,1280,720,human_verified
sudden_pedestrian_protest_march,Sudden pedestrian protest march,road_user,Heavy Rainy,Night,front_frame_00000040,1,evaluation_20260909/sudden_pedestrian_protest_march/night__storm/front_frame_00000040.png,9276120e271c4aca90479732c4ff684a49a69d01897b7ca86a37a6157ff21316,1280,720,human_verified
sudden_pedestrian_protest_march,Sudden pedestrian protest march,road_user,Heavy Rainy,Night,front_frame_00000080,2,evaluation_20260909/sudden_pedestrian_protest_march/night__storm/front_frame_00000080.png,50aec2acd207f86f2b9deaa282a836af4441957ea321ecdc6d64652da0d7e616,1280,720,human_verified
sudden_pedestrian_protest_march,Sudden pedestrian protest march,road_user,Heavy Rainy,Night,front_frame_00000120,3,evaluation_20260909/sudden_pedestrian_protest_march/night__storm/front_frame_00000120.png,39b42c60fb0ddb544a4a9efeaa60d80613a0522ccf83639e1c3d6cfd6be7f74b,1280,720,human_verified
sudden_pedestrian_protest_march,Sudden pedestrian protest march,road_user,Heavy Rainy,Night,front_frame_00000200,4,evaluation_20260909/sudden_pedestrian_protest_march/night__storm/front_frame_00000200.png,b6969742058c61c34a428885cad6500fa9a3a8a91d22dc97af4435b567e5d62a,1280,720,human_verified
sudden_pedestrian_protest_march,Sudden pedestrian protest march,road_user,Heavy Rainy,Night,front_frame_00000320,5,evaluation_20260909/sudden_pedestrian_protest_march/night__storm/front_frame_00000320.png,51ef011c661808af32ba5acf9d4c95aeb9e744e0c833b73588eb19f09b9d4326,1280,720,human_verified
sudden_pedestrian_protest_march,Sudden pedestrian protest march,road_user,Stormy,Night,front_frame_00000040,1,evaluation_20260909/sudden_pedestrian_protest_march/night__worst/front_frame_00000040.png,001dbe4eb84164fdfaf16ef1d3885848fe46c17e49fbbf17e2b788469a35183b,1280,720,human_verified
sudden_pedestrian_protest_march,Sudden pedestrian protest march,road_user,Stormy,Night,front_frame_00000080,2,evaluation_20260909/sudden_pedestrian_protest_march/night__worst/front_frame_00000080.png,05848c7c33dedfa13653d28f204c2000763c3c9a8ec9e2cd67b20621f220221a,1280,720,human_verified
sudden_pedestrian_protest_march,Sudden pedestrian protest march,road_user,Stormy,Night,front_frame_00000120,3,evaluation_20260909/sudden_pedestrian_protest_march/night__worst/front_frame_00000120.png,21f5e8e20e1988c2dc13dacd306e84f8364773757957acefe5868aca80684dca,1280,720,human_verified
sudden_pedestrian_protest_march,Sudden pedestrian protest march,road_user,Stormy,Night,front_frame_00000200,4,evaluation_20260909/sudden_pedestrian_protest_march/night__worst/front_frame_00000200.png,dd35b154a20abe8febd541099ba86e198eb9d4d24e3b6877f731319d069b4aef,1280,720,human_verified
sudden_pedestrian_protest_march,Sudden pedestrian protest march,road_user,Stormy,Night,front_frame_00000320,5,evaluation_20260909/sudden_pedestrian_protest_march/night__worst/front_frame_00000320.png,f8f2c87a388108e6c9e9ab186fd4533042abd731f187eaf9537f7c0efc34f881,1280,720,human_verified
sudden_pedestrian_protest_march,Sudden pedestrian protest march,road_user,Clear,Noon,front_frame_00000040,1,evaluation_20260909/sudden_pedestrian_protest_march/noon__clear/front_frame_00000040.png,0964e1bb56c504f8f57831fddba9fad92e1413d1f71bce6882487022e936d330,1280,720,human_verified
sudden_pedestrian_protest_march,Sudden pedestrian protest march,road_user,Clear,Noon,front_frame_00000080,2,evaluation_20260909/sudden_pedestrian_protest_march/noon__clear/front_frame_00000080.png,0603891dc5b8be27f96dfb23f387f9e220c3ead6079412e33c8374cb09c514b1,1280,720,human_verified
sudden_pedestrian_protest_march,Sudden pedestrian protest march,road_user,Clear,Noon,front_frame_00000120,3,evaluation_20260909/sudden_pedestrian_protest_march/noon__clear/front_frame_00000120.png,cef419e3d61afa378368da7701851cc9c1dae6b483aa0d3feddbb0221a9f74aa,1280,720,human_verified
sudden_pedestrian_protest_march,Sudden pedestrian protest march,road_user,Clear,Noon,front_frame_00000200,4,evaluation_20260909/sudden_pedestrian_protest_march/noon__clear/front_frame_00000200.png,f7645e7bb9b19568d3849c7a3cd0dc8164e0c7bbbfe4a83a9ddb80e1eb21508d,1280,720,human_verified
sudden_pedestrian_protest_march,Sudden pedestrian protest march,road_user,Clear,Noon,front_frame_00000320,5,evaluation_20260909/sudden_pedestrian_protest_march/noon__clear/front_frame_00000320.png,ac35f2b5dd845def78e80e298f07e32f3b1efcf04c045210cac85de0a5c8f3f3,1280,720,human_verified
sudden_pedestrian_protest_march,Sudden pedestrian protest march,road_user,Foggy,Noon,front_frame_00000040,1,evaluation_20260909/sudden_pedestrian_protest_march/noon__foggy/front_frame_00000040.png,9778d12a67b986518799c233c2d8421c1d4d5e462a11d48980a6b500c62c1a78,1280,720,human_verified
sudden_pedestrian_protest_march,Sudden pedestrian protest march,road_user,Foggy,Noon,front_frame_00000080,2,evaluation_20260909/sudden_pedestrian_protest_march/noon__foggy/front_frame_00000080.png,69950c68ef9fecddbafa0393d7111193c8302f845baa662a524ef33079b11807,1280,720,human_verified
sudden_pedestrian_protest_march,Sudden pedestrian protest march,road_user,Foggy,Noon,front_frame_00000120,3,evaluation_20260909/sudden_pedestrian_protest_march/noon__foggy/front_frame_00000120.png,701d0a27dde6bbad57d5a7e02353df7e88310ff93aaf96a79ef036757869edae,1280,720,human_verified
sudden_pedestrian_protest_march,Sudden pedestrian protest march,road_user,Foggy,Noon,front_frame_00000200,4,evaluation_20260909/sudden_pedestrian_protest_march/noon__foggy/front_frame_00000200.png,c40d5479b568f42ddfa0d23d1c7b3ce9113dfb97c7bc463e3ac2cd9feeb6036d,1280,720,human_verified
sudden_pedestrian_protest_march,Sudden pedestrian protest march,road_user,Foggy,Noon,front_frame_00000320,5,evaluation_20260909/sudden_pedestrian_protest_march/noon__foggy/front_frame_00000320.png,8e6569e06e970f54630b38e0f81cedd57c5c70d4a2662fb6d32ef0c12c87fc5d,1280,720,human_verified
sudden_pedestrian_protest_march,Sudden pedestrian protest march,road_user,Heavy Rainy,Noon,front_frame_00000040,1,evaluation_20260909/sudden_pedestrian_protest_march/noon__storm/front_frame_00000040.png,72a72ffc481d5cb5a9781e797135a4cd833a55d707dd55f1736df6252926bce7,1280,720,human_verified
sudden_pedestrian_protest_march,Sudden pedestrian protest march,road_user,Heavy Rainy,Noon,front_frame_00000080,2,evaluation_20260909/sudden_pedestrian_protest_march/noon__storm/front_frame_00000080.png,ffc6d2ad4b4221eeaadec43fc0a3d826729d524e8de19b3bdd08c1430672bb95,1280,720,human_verified
sudden_pedestrian_protest_march,Sudden pedestrian protest march,road_user,Heavy Rainy,Noon,front_frame_00000120,3,evaluation_20260909/sudden_pedestrian_protest_march/noon__storm/front_frame_00000120.png,1ac43eeae8e77a8c5f457091c0ec9c7f0faefb7fb9f392a887e6168c3148b31f,1280,720,human_verified
sudden_pedestrian_protest_march,Sudden pedestrian protest march,road_user,Heavy Rainy,Noon,front_frame_00000200,4,evaluation_20260909/sudden_pedestrian_protest_march/noon__storm/front_frame_00000200.png,f2aec0f139f1bb46b2ce95a9a7a7a7bb4c99c1322ec788182eb14b48788312d3,1280,720,human_verified
sudden_pedestrian_protest_march,Sudden pedestrian protest march,road_user,Heavy Rainy,Noon,front_frame_00000320,5,evaluation_20260909/sudden_pedestrian_protest_march/noon__storm/front_frame_00000320.png,d45003979922f0a00a0a77987fe5eaaa932f5bc0e3092934a745cd85fb4e996b,1280,720,human_verified
sudden_pedestrian_protest_march,Sudden pedestrian protest march,road_user,Stormy,Noon,front_frame_00000040,1,evaluation_20260909/sudden_pedestrian_protest_march/noon__worst/front_frame_00000040.png,b9afc15dbd58d9143977198684e0a173b57a3bebec38828fe3bafbeead4f47cf,1280,720,human_verified
sudden_pedestrian_protest_march,Sudden pedestrian protest march,road_user,Stormy,Noon,front_frame_00000080,2,evaluation_20260909/sudden_pedestrian_protest_march/noon__worst/front_frame_00000080.png,9ba7ce7a521199916b3fd481022b5bae7cc04a8b898c264b922a27da080cd105,1280,720,human_verified
sudden_pedestrian_protest_march,Sudden pedestrian protest march,road_user,Stormy,Noon,front_frame_00000120,3,evaluation_20260909/sudden_pedestrian_protest_march/noon__worst/front_frame_00000120.png,02ff661f5be82ad95c90c22957e5eb53324264f5a97cb9c8bfa3c0bb71d9485f,1280,720,human_verified
sudden_pedestrian_protest_march,Sudden pedestrian protest march,road_user,Stormy,Noon,front_frame_00000200,4,evaluation_20260909/sudden_pedestrian_protest_march/noon__worst/front_frame_00000200.png,4c63bdbbde9c16fabf961a62fa1c3e77a3935941a7e81c4db72589a0da66a06f,1280,720,human_verified
sudden_pedestrian_protest_march,Sudden pedestrian protest march,road_user,Stormy,Noon,front_frame_00000320,5,evaluation_20260909/sudden_pedestrian_protest_march/noon__worst/front_frame_00000320.png,34180b7a65e7c5f51a123c932aa044dbe310fce1c0dc135b94e7fd4d3a4b9437,1280,720,human_verified
traffic_light_malfunction_all_greenall_red,Traffic-light malfunction,traffic_control,Clear,Night,front_frame_00000060,1,evaluation_20260909/traffic_light_malfunction_all_greenall_red/night__clear/front_frame_00000060.png,1455ea2074d917743fb25dcf3cc17a52eb689719270d31178470631488ecc6e9,1280,720,human_verified
traffic_light_malfunction_all_greenall_red,Traffic-light malfunction,traffic_control,Clear,Night,front_frame_00000100,2,evaluation_20260909/traffic_light_malfunction_all_greenall_red/night__clear/front_frame_00000100.png,64bdbe40a8f77cf3112aa8b0a2409c362aba7d5524a642be60b587d6f1b5b0cb,1280,720,human_verified
traffic_light_malfunction_all_greenall_red,Traffic-light malfunction,traffic_control,Clear,Night,front_frame_00000220,3,evaluation_20260909/traffic_light_malfunction_all_greenall_red/night__clear/front_frame_00000220.png,c1308f33b03dd4648dfa32b6d91fd24a73baab833a91c9157abfcfb19eedda94,1280,720,human_verified
traffic_light_malfunction_all_greenall_red,Traffic-light malfunction,traffic_control,Clear,Night,front_frame_00000280,4,evaluation_20260909/traffic_light_malfunction_all_greenall_red/night__clear/front_frame_00000280.png,5ef619cab9a165fb742285a53f93437c5f9e670d872fd4f1a6fef55900bd926f,1280,720,human_verified
traffic_light_malfunction_all_greenall_red,Traffic-light malfunction,traffic_control,Clear,Night,front_frame_00000340,5,evaluation_20260909/traffic_light_malfunction_all_greenall_red/night__clear/front_frame_00000340.png,1fa49154ab62e10c85835fe2ac49aa0eb44c8764ab2cfb27d70c735e0342c77e,1280,720,human_verified
traffic_light_malfunction_all_greenall_red,Traffic-light malfunction,traffic_control,Foggy,Night,front_frame_00000060,1,evaluation_20260909/traffic_light_malfunction_all_greenall_red/night__foggy/front_frame_00000060.png,1af18f0c5b8928782135edfdfb39d433941530d607044ae0003bdc029e6371a7,1280,720,human_verified
traffic_light_malfunction_all_greenall_red,Traffic-light malfunction,traffic_control,Foggy,Night,front_frame_00000100,2,evaluation_20260909/traffic_light_malfunction_all_greenall_red/night__foggy/front_frame_00000100.png,da16ce82e64f1a46d7126c72757847bb774bf14586172b741a7ab687acba4b9d,1280,720,human_verified
traffic_light_malfunction_all_greenall_red,Traffic-light malfunction,traffic_control,Foggy,Night,front_frame_00000220,3,evaluation_20260909/traffic_light_malfunction_all_greenall_red/night__foggy/front_frame_00000220.png,8333dc6be4250db83652681be5704fafec3bc74cc23c529fa8db47258333e7c1,1280,720,human_verified
traffic_light_malfunction_all_greenall_red,Traffic-light malfunction,traffic_control,Foggy,Night,front_frame_00000280,4,evaluation_20260909/traffic_light_malfunction_all_greenall_red/night__foggy/front_frame_00000280.png,d9eddae9be491684383a63cb5b7235535d7637ab06651e8a5feb3fadbbf9d00d,1280,720,human_verified
traffic_light_malfunction_all_greenall_red,Traffic-light malfunction,traffic_control,Foggy,Night,front_frame_00000340,5,evaluation_20260909/traffic_light_malfunction_all_greenall_red/night__foggy/front_frame_00000340.png,780911ebcf6adbbfc9c019612d9453ba7ebfc1cd29e6a0a582027b4370578c1d,1280,720,human_verified
traffic_light_malfunction_all_greenall_red,Traffic-light malfunction,traffic_control,Heavy Rainy,Night,front_frame_00000060,1,evaluation_20260909/traffic_light_malfunction_all_greenall_red/night__storm/front_frame_00000060.png,a35507742b5b8e8c5046020b67ca8dad5fff82255fb5b6ea850a1cbedd1fbdc0,1280,720,human_verified
traffic_light_malfunction_all_greenall_red,Traffic-light malfunction,traffic_control,Heavy Rainy,Night,front_frame_00000100,2,evaluation_20260909/traffic_light_malfunction_all_greenall_red/night__storm/front_frame_00000100.png,413d5988f020446e5d7fb28a3cf0cf75278255a49f2609bcb7c7fac36728b534,1280,720,human_verified
traffic_light_malfunction_all_greenall_red,Traffic-light malfunction,traffic_control,Heavy Rainy,Night,front_frame_00000220,3,evaluation_20260909/traffic_light_malfunction_all_greenall_red/night__storm/front_frame_00000220.png,8bdb8a35c8756fc1bcf2afdf1af9c5a513b1aaab0b3e0bc59ed782e9e40bcd34,1280,720,human_verified
traffic_light_malfunction_all_greenall_red,Traffic-light malfunction,traffic_control,Heavy Rainy,Night,front_frame_00000280,4,evaluation_20260909/traffic_light_malfunction_all_greenall_red/night__storm/front_frame_00000280.png,fffa26ad67a23487e1033773eeaddfe4c9c99493f2b4087a8b3d7bc970b017e2,1280,720,human_verified
traffic_light_malfunction_all_greenall_red,Traffic-light malfunction,traffic_control,Heavy Rainy,Night,front_frame_00000340,5,evaluation_20260909/traffic_light_malfunction_all_greenall_red/night__storm/front_frame_00000340.png,5f09c1adcd5a14a4468313f3fc6a53e1e9da670c400bd599babeeced395e4612,1280,720,human_verified
traffic_light_malfunction_all_greenall_red,Traffic-light malfunction,traffic_control,Stormy,Night,front_frame_00000060,1,evaluation_20260909/traffic_light_malfunction_all_greenall_red/night__worst/front_frame_00000060.png,867d42ead1105dba19194809f8b7271ade5643ba951c083090ef6d97569984eb,1280,720,human_verified
traffic_light_malfunction_all_greenall_red,Traffic-light malfunction,traffic_control,Stormy,Night,front_frame_00000100,2,evaluation_20260909/traffic_light_malfunction_all_greenall_red/night__worst/front_frame_00000100.png,6ef262b9a9c1af53e4fbcb7da741bc16d603c59ade5cee6578581a812de7d7e3,1280,720,human_verified
traffic_light_malfunction_all_greenall_red,Traffic-light malfunction,traffic_control,Stormy,Night,front_frame_00000220,3,evaluation_20260909/traffic_light_malfunction_all_greenall_red/night__worst/front_frame_00000220.png,495d6c38a72226dbef3c5aa178153192834df559532f7281b67e1064c30b75ff,1280,720,human_verified
traffic_light_malfunction_all_greenall_red,Traffic-light malfunction,traffic_control,Stormy,Night,front_frame_00000280,4,evaluation_20260909/traffic_light_malfunction_all_greenall_red/night__worst/front_frame_00000280.png,77583446c9d3dfa4dc65ce52a4d7ba5033d1d5cfb9358815916c1a36d7479805,1280,720,human_verified
traffic_light_malfunction_all_greenall_red,Traffic-light malfunction,traffic_control,Stormy,Night,front_frame_00000340,5,evaluation_20260909/traffic_light_malfunction_all_greenall_red/night__worst/front_frame_00000340.png,5ac59f2de8685e38039b421d98a3a4874f18e7d0dec74b6ca9ebe9d6cb900ea5,1280,720,human_verified
traffic_light_malfunction_all_greenall_red,Traffic-light malfunction,traffic_control,Clear,Noon,front_frame_00000060,1,evaluation_20260909/traffic_light_malfunction_all_greenall_red/noon__clear/front_frame_00000060.png,41b34990bf7df40ab7d110a0cd4c8003f49d9928cbee821ebf3dc770d02cd03e,1280,720,human_verified
traffic_light_malfunction_all_greenall_red,Traffic-light malfunction,traffic_control,Clear,Noon,front_frame_00000100,2,evaluation_20260909/traffic_light_malfunction_all_greenall_red/noon__clear/front_frame_00000100.png,fc9b825bfa53560f2bebe7c12af425ae2700fe748b71edb1d18cb50e8e4f5c5e,1280,720,human_verified
traffic_light_malfunction_all_greenall_red,Traffic-light malfunction,traffic_control,Clear,Noon,front_frame_00000220,3,evaluation_20260909/traffic_light_malfunction_all_greenall_red/noon__clear/front_frame_00000220.png,d0276011a5fb63d4e2c307c00da22ffc578403f36b613597cfd1e3f0bce3b17a,1280,720,human_verified
traffic_light_malfunction_all_greenall_red,Traffic-light malfunction,traffic_control,Clear,Noon,front_frame_00000280,4,evaluation_20260909/traffic_light_malfunction_all_greenall_red/noon__clear/front_frame_00000280.png,37b6a1b1b4ad992119db37b85f83abe550b7a4c533cae2fc5ae3033ca2a3501e,1280,720,human_verified
traffic_light_malfunction_all_greenall_red,Traffic-light malfunction,traffic_control,Clear,Noon,front_frame_00000340,5,evaluation_20260909/traffic_light_malfunction_all_greenall_red/noon__clear/front_frame_00000340.png,8c63dc4992383fb9dd6ac1c3683715c609089ee056a4369265aba564c2558249,1280,720,human_verified
traffic_light_malfunction_all_greenall_red,Traffic-light malfunction,traffic_control,Foggy,Noon,front_frame_00000060,1,evaluation_20260909/traffic_light_malfunction_all_greenall_red/noon__foggy/front_frame_00000060.png,6a4515b7c94be9584e6afe50b286145a1497daead70ac495cf2746a75789c4ec,1280,720,human_verified
traffic_light_malfunction_all_greenall_red,Traffic-light malfunction,traffic_control,Foggy,Noon,front_frame_00000100,2,evaluation_20260909/traffic_light_malfunction_all_greenall_red/noon__foggy/front_frame_00000100.png,78c39855efb8b406f5fecfc77f26fb5879bede600f3a7548b87069ffc5440b9c,1280,720,human_verified
traffic_light_malfunction_all_greenall_red,Traffic-light malfunction,traffic_control,Foggy,Noon,front_frame_00000220,3,evaluation_20260909/traffic_light_malfunction_all_greenall_red/noon__foggy/front_frame_00000220.png,be4c6d7aafec13a4a155a048476ec1914e5fe3a96ad53479f2fdb86e3218959b,1280,720,human_verified
traffic_light_malfunction_all_greenall_red,Traffic-light malfunction,traffic_control,Foggy,Noon,front_frame_00000280,4,evaluation_20260909/traffic_light_malfunction_all_greenall_red/noon__foggy/front_frame_00000280.png,e772891631a093e22c14948d9a15fa2a25effd0d286c1fa19d9912862239124c,1280,720,human_verified
traffic_light_malfunction_all_greenall_red,Traffic-light malfunction,traffic_control,Foggy,Noon,front_frame_00000340,5,evaluation_20260909/traffic_light_malfunction_all_greenall_red/noon__foggy/front_frame_00000340.png,18597f49be189f91a0e00fcfb221e641570f04b978a731d104ec3b6f69ca85b9,1280,720,human_verified
traffic_light_malfunction_all_greenall_red,Traffic-light malfunction,traffic_control,Heavy Rainy,Noon,front_frame_00000060,1,evaluation_20260909/traffic_light_malfunction_all_greenall_red/noon__storm/front_frame_00000060.png,f8cb39fd987704bbecd1cdad20c4f84c01ab915884b010087fd8e4b02b7d286f,1280,720,human_verified
traffic_light_malfunction_all_greenall_red,Traffic-light malfunction,traffic_control,Heavy Rainy,Noon,front_frame_00000100,2,evaluation_20260909/traffic_light_malfunction_all_greenall_red/noon__storm/front_frame_00000100.png,f0fab3dc04ad353d784c9d244079b8de6b986b25d7b385cad94c4a4a19743a32,1280,720,human_verified
traffic_light_malfunction_all_greenall_red,Traffic-light malfunction,traffic_control,Heavy Rainy,Noon,front_frame_00000220,3,evaluation_20260909/traffic_light_malfunction_all_greenall_red/noon__storm/front_frame_00000220.png,45d79a62a6706d6152d13c568f388c29733cd76c41330bdefac564d07d3cf7dc,1280,720,human_verified
traffic_light_malfunction_all_greenall_red,Traffic-light malfunction,traffic_control,Heavy Rainy,Noon,front_frame_00000280,4,evaluation_20260909/traffic_light_malfunction_all_greenall_red/noon__storm/front_frame_00000280.png,f49e12c9ca1c54f75d924c45e6efa01c3e11216ffbc59d9ad9378b332389ba17,1280,720,human_verified
traffic_light_malfunction_all_greenall_red,Traffic-light malfunction,traffic_control,Heavy Rainy,Noon,front_frame_00000340,5,evaluation_20260909/traffic_light_malfunction_all_greenall_red/noon__storm/front_frame_00000340.png,9e5bb05fff889f568744166b543322a60ea71f2150bf9d3cb106e8225a3255a1,1280,720,human_verified
traffic_light_malfunction_all_greenall_red,Traffic-light malfunction,traffic_control,Stormy,Noon,front_frame_00000060,1,evaluation_20260909/traffic_light_malfunction_all_greenall_red/noon__worst/front_frame_00000060.png,631a0eaf685acdcf572b14ef186a66e8880ebb577eaec2bfb1b1b40c594fde58,1280,720,human_verified
traffic_light_malfunction_all_greenall_red,Traffic-light malfunction,traffic_control,Stormy,Noon,front_frame_00000100,2,evaluation_20260909/traffic_light_malfunction_all_greenall_red/noon__worst/front_frame_00000100.png,1ef511dfbc9718d5c6498cfb32f132da04d3b7fa6ef8d53539ff886fa87745a5,1280,720,human_verified
traffic_light_malfunction_all_greenall_red,Traffic-light malfunction,traffic_control,Stormy,Noon,front_frame_00000220,3,evaluation_20260909/traffic_light_malfunction_all_greenall_red/noon__worst/front_frame_00000220.png,196a1d961eb4205cd4e345c1183a2c262e3313e88131eedf63b32f8cd2996fb9,1280,720,human_verified
traffic_light_malfunction_all_greenall_red,Traffic-light malfunction,traffic_control,Stormy,Noon,front_frame_00000280,4,evaluation_20260909/traffic_light_malfunction_all_greenall_red/noon__worst/front_frame_00000280.png,58fa4cb9389b832827792a94aa849211ecbee69dea606790907609655a2c1d8c,1280,720,human_verified
traffic_light_malfunction_all_greenall_red,Traffic-light malfunction,traffic_control,Stormy,Noon,front_frame_00000340,5,evaluation_20260909/traffic_light_malfunction_all_greenall_red/noon__worst/front_frame_00000340.png,6e05e0038d5d4feede9db0e6240d8aafbdc430d1a071f304399ca7701cb6ee2a,1280,720,human_verified
tunnel_blockage_from_stalled_vehicles,Tunnel blockage from stalled vehicles,obstruction,Clear,Night,front_frame_00000040,1,evaluation_20260909/tunnel_blockage_from_stalled_vehicles/night__clear/front_frame_00000040.png,0bab35bdacbc2a82da8e216fbcc7ccd4cb488f1982a4b813ff654642052cea47,1280,720,human_verified
tunnel_blockage_from_stalled_vehicles,Tunnel blockage from stalled vehicles,obstruction,Clear,Night,front_frame_00000110,2,evaluation_20260909/tunnel_blockage_from_stalled_vehicles/night__clear/front_frame_00000110.png,a5f4c119a2804880e7b1c3a5f5efb9d073484a1f6b402a5fd8ce4112f4887141,1280,720,human_verified
tunnel_blockage_from_stalled_vehicles,Tunnel blockage from stalled vehicles,obstruction,Clear,Night,front_frame_00000180,3,evaluation_20260909/tunnel_blockage_from_stalled_vehicles/night__clear/front_frame_00000180.png,e767fcb1abb99577012af759785fd7c01ac10873b977558a800991b0dabca467,1280,720,human_verified
tunnel_blockage_from_stalled_vehicles,Tunnel blockage from stalled vehicles,obstruction,Clear,Night,front_frame_00000225,4,evaluation_20260909/tunnel_blockage_from_stalled_vehicles/night__clear/front_frame_00000225.png,046431f0d811f705d3f4674efa7197f5a1c241a93e34d890592e4023c854f1ba,1280,720,human_verified
tunnel_blockage_from_stalled_vehicles,Tunnel blockage from stalled vehicles,obstruction,Clear,Night,front_frame_00000300,5,evaluation_20260909/tunnel_blockage_from_stalled_vehicles/night__clear/front_frame_00000300.png,6267a3252cf33cd45986dc0d31f132ffbc57dd5c8550cbaacef8561b7ce0a3a8,1280,720,human_verified
tunnel_blockage_from_stalled_vehicles,Tunnel blockage from stalled vehicles,obstruction,Foggy,Night,front_frame_00000040,1,evaluation_20260909/tunnel_blockage_from_stalled_vehicles/night__foggy/front_frame_00000040.png,6e0234e3abff9c64365aa4d5cfd717f6058690d893aff7fb4dcd17598cf68d16,1280,720,human_verified
tunnel_blockage_from_stalled_vehicles,Tunnel blockage from stalled vehicles,obstruction,Foggy,Night,front_frame_00000110,2,evaluation_20260909/tunnel_blockage_from_stalled_vehicles/night__foggy/front_frame_00000110.png,27624ade0e40334e87e287f07b246daa4fbf57e2f095dcf7c0125d5740ad17bb,1280,720,human_verified
tunnel_blockage_from_stalled_vehicles,Tunnel blockage from stalled vehicles,obstruction,Foggy,Night,front_frame_00000180,3,evaluation_20260909/tunnel_blockage_from_stalled_vehicles/night__foggy/front_frame_00000180.png,5d80f4fbd688af7601feb6203f005a2d5ad53e608ac5683768f760279f9dd845,1280,720,human_verified
tunnel_blockage_from_stalled_vehicles,Tunnel blockage from stalled vehicles,obstruction,Foggy,Night,front_frame_00000225,4,evaluation_20260909/tunnel_blockage_from_stalled_vehicles/night__foggy/front_frame_00000225.png,f36082977bd545a728115ebb2f9a30447409db6f26d86c46b95b75e4e01d7cef,1280,720,human_verified
tunnel_blockage_from_stalled_vehicles,Tunnel blockage from stalled vehicles,obstruction,Foggy,Night,front_frame_00000300,5,evaluation_20260909/tunnel_blockage_from_stalled_vehicles/night__foggy/front_frame_00000300.png,7c9b4b6fa61b854c1deadaa2e62cb7fad407344ce1a88e3f1c72af61a3b06a09,1280,720,human_verified
tunnel_blockage_from_stalled_vehicles,Tunnel blockage from stalled vehicles,obstruction,Heavy Rainy,Night,front_frame_00000040,1,evaluation_20260909/tunnel_blockage_from_stalled_vehicles/night__storm/front_frame_00000040.png,9301ba3d140ab4deda513c9982e7af8b57e756b5624f9c8affe27db8db1df201,1280,720,human_verified
tunnel_blockage_from_stalled_vehicles,Tunnel blockage from stalled vehicles,obstruction,Heavy Rainy,Night,front_frame_00000110,2,evaluation_20260909/tunnel_blockage_from_stalled_vehicles/night__storm/front_frame_00000110.png,2ae13c2afbc5aae9cfa796c8c16151246506816bf9f1a0a00149863f99d98a50,1280,720,human_verified
tunnel_blockage_from_stalled_vehicles,Tunnel blockage from stalled vehicles,obstruction,Heavy Rainy,Night,front_frame_00000180,3,evaluation_20260909/tunnel_blockage_from_stalled_vehicles/night__storm/front_frame_00000180.png,72227730e85e94e0eb8e87c7cfff7159970740aa54fb46746fa55b0740b2ef75,1280,720,human_verified
tunnel_blockage_from_stalled_vehicles,Tunnel blockage from stalled vehicles,obstruction,Heavy Rainy,Night,front_frame_00000225,4,evaluation_20260909/tunnel_blockage_from_stalled_vehicles/night__storm/front_frame_00000225.png,24cf5570f19cf0060ee1648370d3e306ef6ad0c9234b3f1ef73fa874b89e83e2,1280,720,human_verified
tunnel_blockage_from_stalled_vehicles,Tunnel blockage from stalled vehicles,obstruction,Heavy Rainy,Night,front_frame_00000300,5,evaluation_20260909/tunnel_blockage_from_stalled_vehicles/night__storm/front_frame_00000300.png,3d9a513ab03a55dda02ba32d67fedef74c6e6020af92b198c5efe20d7cd7166b,1280,720,human_verified
tunnel_blockage_from_stalled_vehicles,Tunnel blockage from stalled vehicles,obstruction,Stormy,Night,front_frame_00000040,1,evaluation_20260909/tunnel_blockage_from_stalled_vehicles/night__worst/front_frame_00000040.png,5bc66022d2c59724b0f5368ff91ce63d0ed2b807a4a177b7406f37ee5f8026f8,1280,720,human_verified
tunnel_blockage_from_stalled_vehicles,Tunnel blockage from stalled vehicles,obstruction,Stormy,Night,front_frame_00000110,2,evaluation_20260909/tunnel_blockage_from_stalled_vehicles/night__worst/front_frame_00000110.png,68e871372b5d5e77879c257a35c5e2925ea429e67d8757421d549e663b51d81d,1280,720,human_verified
tunnel_blockage_from_stalled_vehicles,Tunnel blockage from stalled vehicles,obstruction,Stormy,Night,front_frame_00000180,3,evaluation_20260909/tunnel_blockage_from_stalled_vehicles/night__worst/front_frame_00000180.png,6b54ddc48985f1ade53544df0e3180c0f097e52f8271adc36ea551b7b722cd29,1280,720,human_verified
tunnel_blockage_from_stalled_vehicles,Tunnel blockage from stalled vehicles,obstruction,Stormy,Night,front_frame_00000225,4,evaluation_20260909/tunnel_blockage_from_stalled_vehicles/night__worst/front_frame_00000225.png,a99d27071e466b2fc70f336315ed66b477c90a3df79dc8ab65353b752f80f3cf,1280,720,human_verified
tunnel_blockage_from_stalled_vehicles,Tunnel blockage from stalled vehicles,obstruction,Stormy,Night,front_frame_00000300,5,evaluation_20260909/tunnel_blockage_from_stalled_vehicles/night__worst/front_frame_00000300.png,9f404cd419a6f68f9316baca4eff461cb73932b2eadad1081bb9c4e5bd683c0d,1280,720,human_verified
tunnel_blockage_from_stalled_vehicles,Tunnel blockage from stalled vehicles,obstruction,Clear,Noon,front_frame_00000040,1,evaluation_20260909/tunnel_blockage_from_stalled_vehicles/noon__clear/front_frame_00000040.png,8a82bf30a625f40d2a2e2731098a6f6b5781d7c1af5a0b296ab591d39d8b022f,1280,720,human_verified
tunnel_blockage_from_stalled_vehicles,Tunnel blockage from stalled vehicles,obstruction,Clear,Noon,front_frame_00000110,2,evaluation_20260909/tunnel_blockage_from_stalled_vehicles/noon__clear/front_frame_00000110.png,87151572c0c9dc4842228423e189a8bd4b3ff0cbff469b37d9ee6170f2d49646,1280,720,human_verified
tunnel_blockage_from_stalled_vehicles,Tunnel blockage from stalled vehicles,obstruction,Clear,Noon,front_frame_00000180,3,evaluation_20260909/tunnel_blockage_from_stalled_vehicles/noon__clear/front_frame_00000180.png,cbed5561c69307a31398f8961d4ecd4fd4617521bc10cfcab8396e456a1fff30,1280,720,human_verified
tunnel_blockage_from_stalled_vehicles,Tunnel blockage from stalled vehicles,obstruction,Clear,Noon,front_frame_00000225,4,evaluation_20260909/tunnel_blockage_from_stalled_vehicles/noon__clear/front_frame_00000225.png,b790ffb1bbe2246854f3871b1f19af9bcbc765d8808ce58e9deb2da8793d882a,1280,720,human_verified
tunnel_blockage_from_stalled_vehicles,Tunnel blockage from stalled vehicles,obstruction,Clear,Noon,front_frame_00000300,5,evaluation_20260909/tunnel_blockage_from_stalled_vehicles/noon__clear/front_frame_00000300.png,b7310980d85c7cae0dd323698687a8d4292a866d912122463886a4e8f4ca4be2,1280,720,human_verified
tunnel_blockage_from_stalled_vehicles,Tunnel blockage from stalled vehicles,obstruction,Foggy,Noon,front_frame_00000040,1,evaluation_20260909/tunnel_blockage_from_stalled_vehicles/noon__foggy/front_frame_00000040.png,f6a1759d48553744aba38a3746d7df0c68f5741d27ca53f079fa1f44722f6e64,1280,720,human_verified
tunnel_blockage_from_stalled_vehicles,Tunnel blockage from stalled vehicles,obstruction,Foggy,Noon,front_frame_00000110,2,evaluation_20260909/tunnel_blockage_from_stalled_vehicles/noon__foggy/front_frame_00000110.png,57d146fa9ad202271894328d2d9849f7a07c63dc8389c3734f5b6366548d4fce,1280,720,human_verified
tunnel_blockage_from_stalled_vehicles,Tunnel blockage from stalled vehicles,obstruction,Foggy,Noon,front_frame_00000180,3,evaluation_20260909/tunnel_blockage_from_stalled_vehicles/noon__foggy/front_frame_00000180.png,d01c122686af09671a8065fbda9b3da593233875d7cb50fa814c7d979b798c19,1280,720,human_verified
tunnel_blockage_from_stalled_vehicles,Tunnel blockage from stalled vehicles,obstruction,Foggy,Noon,front_frame_00000225,4,evaluation_20260909/tunnel_blockage_from_stalled_vehicles/noon__foggy/front_frame_00000225.png,6ba060e1baef091688b5df4cb86d9f323197a877c6771847441b0bae4c13f360,1280,720,human_verified
tunnel_blockage_from_stalled_vehicles,Tunnel blockage from stalled vehicles,obstruction,Foggy,Noon,front_frame_00000300,5,evaluation_20260909/tunnel_blockage_from_stalled_vehicles/noon__foggy/front_frame_00000300.png,3983e544d4ad3e2e8c89d86647cca5d7392f423920019f1becfe8ee2a0123160,1280,720,human_verified
tunnel_blockage_from_stalled_vehicles,Tunnel blockage from stalled vehicles,obstruction,Heavy Rainy,Noon,front_frame_00000040,1,evaluation_20260909/tunnel_blockage_from_stalled_vehicles/noon__storm/front_frame_00000040.png,ff5982d7a345414308900890d18f955384090f640a91f0ee79a548b81a1b494e,1280,720,human_verified
tunnel_blockage_from_stalled_vehicles,Tunnel blockage from stalled vehicles,obstruction,Heavy Rainy,Noon,front_frame_00000110,2,evaluation_20260909/tunnel_blockage_from_stalled_vehicles/noon__storm/front_frame_00000110.png,cdaa8a0845e343911e94ce8158a4bfa3b8e649c947f54139a3a590b3e3e904df,1280,720,human_verified
tunnel_blockage_from_stalled_vehicles,Tunnel blockage from stalled vehicles,obstruction,Heavy Rainy,Noon,front_frame_00000180,3,evaluation_20260909/tunnel_blockage_from_stalled_vehicles/noon__storm/front_frame_00000180.png,047a25843dd3c4652ec0591c894c725aaa12486a9b4d50b0d5867fc93b6495ba,1280,720,human_verified
tunnel_blockage_from_stalled_vehicles,Tunnel blockage from stalled vehicles,obstruction,Heavy Rainy,Noon,front_frame_00000225,4,evaluation_20260909/tunnel_blockage_from_stalled_vehicles/noon__storm/front_frame_00000225.png,e0b188ef073d9239861c94c9d1954103ab4372d618c314a8f71e8bf312fa8c58,1280,720,human_verified
tunnel_blockage_from_stalled_vehicles,Tunnel blockage from stalled vehicles,obstruction,Heavy Rainy,Noon,front_frame_00000300,5,evaluation_20260909/tunnel_blockage_from_stalled_vehicles/noon__storm/front_frame_00000300.png,1734182db8b7fbf56ef972b02f1dd32bc5c657f0855e7a96f31a22b1a0ee609a,1280,720,human_verified
tunnel_blockage_from_stalled_vehicles,Tunnel blockage from stalled vehicles,obstruction,Stormy,Noon,front_frame_00000040,1,evaluation_20260909/tunnel_blockage_from_stalled_vehicles/noon__worst/front_frame_00000040.png,1dea70ccb9c91cbae0d133bd1075117872a8f6b9f9802a7d4b1fe24bb94ab198,1280,720,human_verified
tunnel_blockage_from_stalled_vehicles,Tunnel blockage from stalled vehicles,obstruction,Stormy,Noon,front_frame_00000110,2,evaluation_20260909/tunnel_blockage_from_stalled_vehicles/noon__worst/front_frame_00000110.png,3e72789f4b2f1c5bb984295d96e236f6a50984c4f1dd19ac2a5553826842ba8f,1280,720,human_verified
tunnel_blockage_from_stalled_vehicles,Tunnel blockage from stalled vehicles,obstruction,Stormy,Noon,front_frame_00000180,3,evaluation_20260909/tunnel_blockage_from_stalled_vehicles/noon__worst/front_frame_00000180.png,ae7e6a66d4774b3892325a4df31b97beadd09ba0f0ef3cdb66e0a8d2e9a0b2ff,1280,720,human_verified
tunnel_blockage_from_stalled_vehicles,Tunnel blockage from stalled vehicles,obstruction,Stormy,Noon,front_frame_00000225,4,evaluation_20260909/tunnel_blockage_from_stalled_vehicles/noon__worst/front_frame_00000225.png,2fd9175807d5fcb5b9e84dee572d04ccc18fb4bf479c783e0e299fc8e1a507a7,1280,720,human_verified
tunnel_blockage_from_stalled_vehicles,Tunnel blockage from stalled vehicles,obstruction,Stormy,Noon,front_frame_00000300,5,evaluation_20260909/tunnel_blockage_from_stalled_vehicles/noon__worst/front_frame_00000300.png,43c7389cc27fd6520563a528fb539c656e2e608bd4f3fffdbb979eae659fea61,1280,720,human_verified
wrong_turn_into_construction_zone,Wrong turn into construction zone,traffic_control,Clear,Night,front_frame_00000100,1,evaluation_20260909/wrong_turn_into_construction_zone/night__clear/front_frame_00000100.png,27ab5293e89102859423223c2b23660bf358bf3b69d202e8cc624cc39bf60846,1280,720,human_verified
wrong_turn_into_construction_zone,Wrong turn into construction zone,traffic_control,Clear,Night,front_frame_00000125,2,evaluation_20260909/wrong_turn_into_construction_zone/night__clear/front_frame_00000125.png,e1f2e7bbe8e1f9f6d51d90da0cc7637e5113bd950c1626232b651f02df158eec,1280,720,human_verified
wrong_turn_into_construction_zone,Wrong turn into construction zone,traffic_control,Clear,Night,front_frame_00000150,3,evaluation_20260909/wrong_turn_into_construction_zone/night__clear/front_frame_00000150.png,ec7c67d7b472ebaaf2c20deddeee82a63d18bd57907acc328cc38f7df9388e48,1280,720,human_verified
wrong_turn_into_construction_zone,Wrong turn into construction zone,traffic_control,Clear,Night,front_frame_00000175,4,evaluation_20260909/wrong_turn_into_construction_zone/night__clear/front_frame_00000175.png,6d27f612630ef3400f71d2774569a3b3916c6bd804bdf9605b84481573c7b7d9,1280,720,human_verified
wrong_turn_into_construction_zone,Wrong turn into construction zone,traffic_control,Clear,Night,front_frame_00000200,5,evaluation_20260909/wrong_turn_into_construction_zone/night__clear/front_frame_00000200.png,4120ae74ad40900ea9d89003b0264ab52d6cfa8a18d5dff40cc7539c0db114fc,1280,720,human_verified
wrong_turn_into_construction_zone,Wrong turn into construction zone,traffic_control,Foggy,Night,front_frame_00000100,1,evaluation_20260909/wrong_turn_into_construction_zone/night__foggy/front_frame_00000100.png,9bb3cc58d38b1a929a09d1420cf7b4eb16b535a5c78f73cdf7659650d3144fe0,1280,720,human_verified
wrong_turn_into_construction_zone,Wrong turn into construction zone,traffic_control,Foggy,Night,front_frame_00000125,2,evaluation_20260909/wrong_turn_into_construction_zone/night__foggy/front_frame_00000125.png,b0486b5ebcbcd2fff0d316ae9d7700cc6870c5579956d4f31fac919579d75007,1280,720,human_verified
wrong_turn_into_construction_zone,Wrong turn into construction zone,traffic_control,Foggy,Night,front_frame_00000150,3,evaluation_20260909/wrong_turn_into_construction_zone/night__foggy/front_frame_00000150.png,3367fc838c6cfdc093e97769bc6ba01b94baae77ad1ac0a7f15e27ddb65fdae9,1280,720,human_verified
wrong_turn_into_construction_zone,Wrong turn into construction zone,traffic_control,Foggy,Night,front_frame_00000175,4,evaluation_20260909/wrong_turn_into_construction_zone/night__foggy/front_frame_00000175.png,94886280a5ae34fe96ef0247c5e020227c1b6922123573c7abf2cf69121b1c3d,1280,720,human_verified
wrong_turn_into_construction_zone,Wrong turn into construction zone,traffic_control,Foggy,Night,front_frame_00000200,5,evaluation_20260909/wrong_turn_into_construction_zone/night__foggy/front_frame_00000200.png,ff4e07e8e7cee43bd8f4ab86b119ce904c5988f6f5b52f8fd3d6b278f5074cfe,1280,720,human_verified
wrong_turn_into_construction_zone,Wrong turn into construction zone,traffic_control,Heavy Rainy,Night,front_frame_00000100,1,evaluation_20260909/wrong_turn_into_construction_zone/night__storm/front_frame_00000100.png,1789a0b9ae632af4bdbcd56183598eefbd1f27bbeb124043b596122675a0cb19,1280,720,human_verified
wrong_turn_into_construction_zone,Wrong turn into construction zone,traffic_control,Heavy Rainy,Night,front_frame_00000125,2,evaluation_20260909/wrong_turn_into_construction_zone/night__storm/front_frame_00000125.png,7ba738f2b8d5e98d81af4b94ea7a44bd6216b1fa4a6ede5728ad99ca7f2f51ca,1280,720,human_verified
wrong_turn_into_construction_zone,Wrong turn into construction zone,traffic_control,Heavy Rainy,Night,front_frame_00000150,3,evaluation_20260909/wrong_turn_into_construction_zone/night__storm/front_frame_00000150.png,8f348340222e104f8e0f783665190af9c3dd15734d0a60f672d1bbe2625b7664,1280,720,human_verified
wrong_turn_into_construction_zone,Wrong turn into construction zone,traffic_control,Heavy Rainy,Night,front_frame_00000175,4,evaluation_20260909/wrong_turn_into_construction_zone/night__storm/front_frame_00000175.png,9a01c912e08d6234dba7f99554c2df8a37281be8607f9bcdba0c56d5051154ee,1280,720,human_verified
wrong_turn_into_construction_zone,Wrong turn into construction zone,traffic_control,Heavy Rainy,Night,front_frame_00000200,5,evaluation_20260909/wrong_turn_into_construction_zone/night__storm/front_frame_00000200.png,38962252046d07d5249d150d3ef0bb0b941b25cd25fbee823db993b207ab1b3f,1280,720,human_verified
wrong_turn_into_construction_zone,Wrong turn into construction zone,traffic_control,Stormy,Night,front_frame_00000100,1,evaluation_20260909/wrong_turn_into_construction_zone/night__worst/front_frame_00000100.png,7094481ed70b81760683a04e7f92faa026502d862306ae74cea4a4f8480d379e,1280,720,human_verified
wrong_turn_into_construction_zone,Wrong turn into construction zone,traffic_control,Stormy,Night,front_frame_00000125,2,evaluation_20260909/wrong_turn_into_construction_zone/night__worst/front_frame_00000125.png,e37302964b4682d13598282a39f709f2be3418e4b51998ca1786134268644e18,1280,720,human_verified
wrong_turn_into_construction_zone,Wrong turn into construction zone,traffic_control,Stormy,Night,front_frame_00000150,3,evaluation_20260909/wrong_turn_into_construction_zone/night__worst/front_frame_00000150.png,500ba317e858db7213a27ab13c8f3e954cfb67449f1e63b16757a0fa4239d518,1280,720,human_verified
wrong_turn_into_construction_zone,Wrong turn into construction zone,traffic_control,Stormy,Night,front_frame_00000175,4,evaluation_20260909/wrong_turn_into_construction_zone/night__worst/front_frame_00000175.png,127ec4b7539243bbf066b4716f5e373ef0670f935db1ba1f4e3cf2a9e4b2672b,1280,720,human_verified
wrong_turn_into_construction_zone,Wrong turn into construction zone,traffic_control,Stormy,Night,front_frame_00000200,5,evaluation_20260909/wrong_turn_into_construction_zone/night__worst/front_frame_00000200.png,6cf4fcf4c90b8d4e5721d1d0b647358b60d4cfdabd950a45fc60a4fc59fd3bf4,1280,720,human_verified
wrong_turn_into_construction_zone,Wrong turn into construction zone,traffic_control,Clear,Noon,front_frame_00000100,1,evaluation_20260909/wrong_turn_into_construction_zone/noon__clear/front_frame_00000100.png,7b52409f6322e2cd3ffc9b2732a669fc8c97e8c6258443faef1cda0d1c9e1521,1280,720,human_verified
wrong_turn_into_construction_zone,Wrong turn into construction zone,traffic_control,Clear,Noon,front_frame_00000125,2,evaluation_20260909/wrong_turn_into_construction_zone/noon__clear/front_frame_00000125.png,a312f597cc5f648049a8e714d4815341579c95a3d051aa49a2255cf4048c2a5c,1280,720,human_verified
wrong_turn_into_construction_zone,Wrong turn into construction zone,traffic_control,Clear,Noon,front_frame_00000150,3,evaluation_20260909/wrong_turn_into_construction_zone/noon__clear/front_frame_00000150.png,95cc8686e417ce60ae77985e34f75f6fedf7064754a0f9eb36a92c8a2065a294,1280,720,human_verified
wrong_turn_into_construction_zone,Wrong turn into construction zone,traffic_control,Clear,Noon,front_frame_00000175,4,evaluation_20260909/wrong_turn_into_construction_zone/noon__clear/front_frame_00000175.png,8e28c1d7ae4b6d3b37d612b6b83a4a82d2e6f4660743647db609ef8715434d73,1280,720,human_verified
wrong_turn_into_construction_zone,Wrong turn into construction zone,traffic_control,Clear,Noon,front_frame_00000200,5,evaluation_20260909/wrong_turn_into_construction_zone/noon__clear/front_frame_00000200.png,6a495b1731df57666990b941681c3ca8025d13667b2c0f7c76c2c10ba9765368,1280,720,human_verified
wrong_turn_into_construction_zone,Wrong turn into construction zone,traffic_control,Foggy,Noon,front_frame_00000100,1,evaluation_20260909/wrong_turn_into_construction_zone/noon__foggy/front_frame_00000100.png,90a14689527c00b9675b3f1b5d4bd3cfb283cea099c370141eaeac2b7be0da8e,1280,720,human_verified
wrong_turn_into_construction_zone,Wrong turn into construction zone,traffic_control,Foggy,Noon,front_frame_00000125,2,evaluation_20260909/wrong_turn_into_construction_zone/noon__foggy/front_frame_00000125.png,0cb2e12ea96a63917d05dfadd111c7415c5235573ab1f700d74f5e84698b5845,1280,720,human_verified
wrong_turn_into_construction_zone,Wrong turn into construction zone,traffic_control,Foggy,Noon,front_frame_00000150,3,evaluation_20260909/wrong_turn_into_construction_zone/noon__foggy/front_frame_00000150.png,350542250ecdccf4c2413b2454964cf14645c756b3d1953cbbd680c6a70ab7b6,1280,720,human_verified
wrong_turn_into_construction_zone,Wrong turn into construction zone,traffic_control,Foggy,Noon,front_frame_00000175,4,evaluation_20260909/wrong_turn_into_construction_zone/noon__foggy/front_frame_00000175.png,680eeddb3cd8e861be95ac1ac931d230f44198d6ec0be1d8ebb6c1defecf7089,1280,720,human_verified
wrong_turn_into_construction_zone,Wrong turn into construction zone,traffic_control,Foggy,Noon,front_frame_00000200,5,evaluation_20260909/wrong_turn_into_construction_zone/noon__foggy/front_frame_00000200.png,541266435e3c78254fb19f33aa86354d662f431d8cbd7d77e1f6a529e37c7c31,1280,720,human_verified
wrong_turn_into_construction_zone,Wrong turn into construction zone,traffic_control,Heavy Rainy,Noon,front_frame_00000100,1,evaluation_20260909/wrong_turn_into_construction_zone/noon__storm/front_frame_00000100.png,1eddbf11bdc910fa5dd08f85e171751b4a4a288ac56a55d6eb8d639268e63c0d,1280,720,human_verified
wrong_turn_into_construction_zone,Wrong turn into construction zone,traffic_control,Heavy Rainy,Noon,front_frame_00000125,2,evaluation_20260909/wrong_turn_into_construction_zone/noon__storm/front_frame_00000125.png,17508e7e201931e02a14494b7a4197186f51d470284f90a7dacee8be957ff61e,1280,720,human_verified
wrong_turn_into_construction_zone,Wrong turn into construction zone,traffic_control,Heavy Rainy,Noon,front_frame_00000150,3,evaluation_20260909/wrong_turn_into_construction_zone/noon__storm/front_frame_00000150.png,51a24910f76f65c03721b9db231c07a566a4ee168b1c9b39cfdb01a38059ec0c,1280,720,human_verified
wrong_turn_into_construction_zone,Wrong turn into construction zone,traffic_control,Heavy Rainy,Noon,front_frame_00000175,4,evaluation_20260909/wrong_turn_into_construction_zone/noon__storm/front_frame_00000175.png,fbe131756f3d69e161ed5e13da2ced465b913027594af1ac9d42e16d30899a9e,1280,720,human_verified
wrong_turn_into_construction_zone,Wrong turn into construction zone,traffic_control,Heavy Rainy,Noon,front_frame_00000200,5,evaluation_20260909/wrong_turn_into_construction_zone/noon__storm/front_frame_00000200.png,9c374317b8c14de7a4586584c66b3c6d486e2ebb0d14e61f88f55dee923235a4,1280,720,human_verified
wrong_turn_into_construction_zone,Wrong turn into construction zone,traffic_control,Stormy,Noon,front_frame_00000100,1,evaluation_20260909/wrong_turn_into_construction_zone/noon__worst/front_frame_00000100.png,a999089c6919610be713d9dde4f8627ccc2be23fd5916ad950552769218bc391,1280,720,human_verified
wrong_turn_into_construction_zone,Wrong turn into construction zone,traffic_control,Stormy,Noon,front_frame_00000125,2,evaluation_20260909/wrong_turn_into_construction_zone/noon__worst/front_frame_00000125.png,6be7477f8ed2b05ce7107db0e55bc28fb7fb4e360bbf613400c3c70d7b52c2de,1280,720,human_verified
wrong_turn_into_construction_zone,Wrong turn into construction zone,traffic_control,Stormy,Noon,front_frame_00000150,3,evaluation_20260909/wrong_turn_into_construction_zone/noon__worst/front_frame_00000150.png,fefa90c92557786183d5929bf39c94405f37b321e5a16975c3207b54ad569ab5,1280,720,human_verified
wrong_turn_into_construction_zone,Wrong turn into construction zone,traffic_control,Stormy,Noon,front_frame_00000175,4,evaluation_20260909/wrong_turn_into_construction_zone/noon__worst/front_frame_00000175.png,5c9aad2c55c79c0e5cf5cf15cb5029e0b2adacf33baa86b8c6c37e1b712baae4,1280,720,human_verified
wrong_turn_into_construction_zone,Wrong turn into construction zone,traffic_control,Stormy,Noon,front_frame_00000200,5,evaluation_20260909/wrong_turn_into_construction_zone/noon__worst/front_frame_00000200.png,115d64146b5778340332faa1c07d57bc2cf01fdb83317bc0d4bade00b57e88f1,1280,720,human_verified
wrongway_driver,,road_user,Clear,Night,front_frame_00000020,1,evaluation_20260909/wrongway_driver/night__clear/front_frame_00000020.png,c535e734710c5bc438dcec99d5c0aa3c09e1cc70fcfb86503645d7a1b02544ba,1280,720,human_verified
wrongway_driver,,road_user,Clear,Night,front_frame_00000040,2,evaluation_20260909/wrongway_driver/night__clear/front_frame_00000040.png,6acdae4c12f4f78caf922934771aabc33a13bc61e56d6d2c77b9184820f015e7,1280,720,human_verified
wrongway_driver,,road_user,Clear,Night,front_frame_00000060,3,evaluation_20260909/wrongway_driver/night__clear/front_frame_00000060.png,38c1f7c8b39338bcb00cb496c0e50880640126a8c8915021c4108b2d133d195c,1280,720,human_verified
wrongway_driver,,road_user,Clear,Night,front_frame_00000080,4,evaluation_20260909/wrongway_driver/night__clear/front_frame_00000080.png,d92c32c3690bce5e31957da02932113e9bd64139761946a12cdf2abb430e4e5b,1280,720,human_verified
wrongway_driver,,road_user,Clear,Night,front_frame_00000100,5,evaluation_20260909/wrongway_driver/night__clear/front_frame_00000100.png,97b8063b396767af8b33427a1ce28d71a256a0e0e3e4b738ec5006acd7a8b71b,1280,720,human_verified
wrongway_driver,,road_user,Foggy,Night,front_frame_00000020,1,evaluation_20260909/wrongway_driver/night__foggy/front_frame_00000020.png,ccc2854389b79d82c52a25971050dfb3b6a47235cfc6f4d2c0598b83d146c2ad,1280,720,human_verified
wrongway_driver,,road_user,Foggy,Night,front_frame_00000040,2,evaluation_20260909/wrongway_driver/night__foggy/front_frame_00000040.png,3ca9c21f3bababe1d1112b6742c95d66634398f9a731c1059a4dcf10e8477871,1280,720,human_verified
wrongway_driver,,road_user,Foggy,Night,front_frame_00000060,3,evaluation_20260909/wrongway_driver/night__foggy/front_frame_00000060.png,63308be87b303d5f0ce51d57fd74cb4ebd301764cfdf064d06926e51738faf05,1280,720,human_verified
wrongway_driver,,road_user,Foggy,Night,front_frame_00000080,4,evaluation_20260909/wrongway_driver/night__foggy/front_frame_00000080.png,5b6b702b6d5145e85d2e810623ba0249895c07403f33a265829675150d91e9b1,1280,720,human_verified
wrongway_driver,,road_user,Foggy,Night,front_frame_00000100,5,evaluation_20260909/wrongway_driver/night__foggy/front_frame_00000100.png,19a7864ea8ce5b2178b01a6c88c761a392cc9335584a5ab5dab674098dbd52d8,1280,720,human_verified
wrongway_driver,,road_user,Heavy Rainy,Night,front_frame_00000020,1,evaluation_20260909/wrongway_driver/night__storm/front_frame_00000020.png,c4ab0bb8b336dbc9e5d0620ac6c9bcc74b8402f295908822534f657f5417f668,1280,720,human_verified
wrongway_driver,,road_user,Heavy Rainy,Night,front_frame_00000040,2,evaluation_20260909/wrongway_driver/night__storm/front_frame_00000040.png,21934b492ef8b7f117a33affb521cba99179d0dc6514721be2697f7170a734cf,1280,720,human_verified
wrongway_driver,,road_user,Heavy Rainy,Night,front_frame_00000060,3,evaluation_20260909/wrongway_driver/night__storm/front_frame_00000060.png,c9438a0a5b0825d8bc5d58aa586221ae076cfda4c6d1528d5ba24600245d8366,1280,720,human_verified
wrongway_driver,,road_user,Heavy Rainy,Night,front_frame_00000080,4,evaluation_20260909/wrongway_driver/night__storm/front_frame_00000080.png,a5c003850ce0a680f945385faa2c5799078a6e1101584779fa9a1272021ac428,1280,720,human_verified
wrongway_driver,,road_user,Heavy Rainy,Night,front_frame_00000100,5,evaluation_20260909/wrongway_driver/night__storm/front_frame_00000100.png,b28226098cc6e1e006f7c541541d7ff4fc631acb09cc5c59a1f30ceece627dd9,1280,720,human_verified
wrongway_driver,,road_user,Stormy,Night,front_frame_00000020,1,evaluation_20260909/wrongway_driver/night__worst/front_frame_00000020.png,ef33062db13bce67f4c5972e0dec72bf0b36c43afbb360f6f28f351e1da9c434,1280,720,human_verified
wrongway_driver,,road_user,Stormy,Night,front_frame_00000040,2,evaluation_20260909/wrongway_driver/night__worst/front_frame_00000040.png,42f7780252fb04b6508e31824160c2e6510dc94e238419902054004d856f43dd,1280,720,human_verified
wrongway_driver,,road_user,Stormy,Night,front_frame_00000060,3,evaluation_20260909/wrongway_driver/night__worst/front_frame_00000060.png,3065b3768c428692af6cb73da06c427d8f2d586f5b8d07ec80c081fc533af80a,1280,720,human_verified
wrongway_driver,,road_user,Stormy,Night,front_frame_00000080,4,evaluation_20260909/wrongway_driver/night__worst/front_frame_00000080.png,4e3f6b06d84a5c9d4c767104ff1861275aa6ce879213d1a6c5968b39d3962a2f,1280,720,human_verified
wrongway_driver,,road_user,Stormy,Night,front_frame_00000100,5,evaluation_20260909/wrongway_driver/night__worst/front_frame_00000100.png,578c661f8afdec8ef6607109bd680bb61f0b5d3879000d06fe0f0399c48c54b6,1280,720,human_verified
wrongway_driver,,road_user,Clear,Noon,front_frame_00000020,1,evaluation_20260909/wrongway_driver/noon__clear/front_frame_00000020.png,81cb57c72162ad7caee79a4ddea129f99a92f66cfdcdbd365c84d11c6863cbe7,1280,720,human_verified
wrongway_driver,,road_user,Clear,Noon,front_frame_00000040,2,evaluation_20260909/wrongway_driver/noon__clear/front_frame_00000040.png,27e33c175c8b71b32a24c2df66745675ae7e87f6897a8fd4101e43bbad1825cf,1280,720,human_verified
wrongway_driver,,road_user,Clear,Noon,front_frame_00000060,3,evaluation_20260909/wrongway_driver/noon__clear/front_frame_00000060.png,3519a7233254c6796fca489e7c598dc7eb0ae845be00a3dad8bb5aa7f2b249b4,1280,720,human_verified
wrongway_driver,,road_user,Clear,Noon,front_frame_00000080,4,evaluation_20260909/wrongway_driver/noon__clear/front_frame_00000080.png,392b5bd12172f0357d5b69770813aa7b5f1e11453f5abf2c4aecd654e001958a,1280,720,human_verified
wrongway_driver,,road_user,Clear,Noon,front_frame_00000100,5,evaluation_20260909/wrongway_driver/noon__clear/front_frame_00000100.png,1866b4f194cdc187a072b1bc9f9d02230b3effde188b8e007fda9b493f8f038a,1280,720,human_verified
wrongway_driver,,road_user,Foggy,Noon,front_frame_00000020,1,evaluation_20260909/wrongway_driver/noon__foggy/front_frame_00000020.png,191408e39fd7b182a30767f7dd681622e1e51f0880492d284eb6ec38772f2d82,1280,720,human_verified
wrongway_driver,,road_user,Foggy,Noon,front_frame_00000040,2,evaluation_20260909/wrongway_driver/noon__foggy/front_frame_00000040.png,c50deb200f67300d2cbe139fb542514ff3559bf3c5f2e247158e8bb405749dd0,1280,720,human_verified
wrongway_driver,,road_user,Foggy,Noon,front_frame_00000060,3,evaluation_20260909/wrongway_driver/noon__foggy/front_frame_00000060.png,c0af8389b737a99e3f0f6b7c775c1f8288e39fa5f1876bfb098f23c6749b093a,1280,720,human_verified
wrongway_driver,,road_user,Foggy,Noon,front_frame_00000080,4,evaluation_20260909/wrongway_driver/noon__foggy/front_frame_00000080.png,76418bc7d2b79c713f09da83f2f85f3c6a9ff5c898afe86d72a12c61e8ce8503,1280,720,human_verified
wrongway_driver,,road_user,Foggy,Noon,front_frame_00000100,5,evaluation_20260909/wrongway_driver/noon__foggy/front_frame_00000100.png,69f9d11ac056fb2f03e253a9fcb2de0264da448a7310ed95c8b2d22013429eeb,1280,720,human_verified
wrongway_driver,,road_user,Heavy Rainy,Noon,front_frame_00000020,1,evaluation_20260909/wrongway_driver/noon__storm/front_frame_00000020.png,352a838d719a1ca12ae2df28041bb2cb0d9c8c512a68281ac9ae58074286427b,1280,720,human_verified
wrongway_driver,,road_user,Heavy Rainy,Noon,front_frame_00000040,2,evaluation_20260909/wrongway_driver/noon__storm/front_frame_00000040.png,fb418edf0cfc5b04fc44a580c746ec54ce5c2c05cb9227192e507b78ca0c59ba,1280,720,human_verified
wrongway_driver,,road_user,Heavy Rainy,Noon,front_frame_00000060,3,evaluation_20260909/wrongway_driver/noon__storm/front_frame_00000060.png,c227c33c1e180305732427800e96f9dda1e0976cf055c62a5f3c6009d3e038ba,1280,720,human_verified
wrongway_driver,,road_user,Heavy Rainy,Noon,front_frame_00000080,4,evaluation_20260909/wrongway_driver/noon__storm/front_frame_00000080.png,0347b683a35ddaebcc29a324c974dc1a753ccf4b201a38fbaff60bfbd5777dd7,1280,720,human_verified
wrongway_driver,,road_user,Heavy Rainy,Noon,front_frame_00000100,5,evaluation_20260909/wrongway_driver/noon__storm/front_frame_00000100.png,13ddb3e6a3f31a09879c093040134b46980889966adf10d065585de9be10a7d9,1280,720,human_verified
wrongway_driver,,road_user,Stormy,Noon,front_frame_00000020,1,evaluation_20260909/wrongway_driver/noon__worst/front_frame_00000020.png,5247911380bebda652590d08be9143ec5dc444cc9cb52afec52dfa7c98900865,1280,720,human_verified
wrongway_driver,,road_user,Stormy,Noon,front_frame_00000040,2,evaluation_20260909/wrongway_driver/noon__worst/front_frame_00000040.png,7b6b758f89a0ec36865e20c57daaa0467417d18c668f122fd270ccab8a2f4158,1280,720,human_verified
wrongway_driver,,road_user,Stormy,Noon,front_frame_00000060,3,evaluation_20260909/wrongway_driver/noon__worst/front_frame_00000060.png,48658bfc1a47b8cbbcdd54931c71cf94508e797951e08931a2181017914003b9,1280,720,human_verified
wrongway_driver,,road_user,Stormy,Noon,front_frame_00000080,4,evaluation_20260909/wrongway_driver/noon__worst/front_frame_00000080.png,beb5c7eba61a10a02530a3f7cbe7be6ff183f76974ccd7d944ba956f5731606f,1280,720,human_verified
wrongway_driver,,road_user,Stormy,Noon,front_frame_00000100,5,evaluation_20260909/wrongway_driver/noon__worst/front_frame_00000100.png,ef99c15a6a4e73d1c4486240ef72778dc67ed45fa1c3ead45ee0ab300ea1e9dc,1280,720,human_verified
